0	3	2	1	2	3	4	3	3	4	3	4	2	3	5	4	3	1	0	2	1	2	1	0	0	1	2	1	5	0	1	9	7	12	9	9	7	0	10	3	3	4	6	1	0	1	3	4	5	6	3	1	5	3	0	4	3	1	6	1	4	12	11	5	2	10	4	1	3	4	4	5	6	6	10	3	22	5	3	11	3	4	5	4	3
3	0	1	2	1	0	1	0	0	1	0	1	1	0	2	1	6	2	3	5	4	1	2	3	3	4	1	2	2	3	2	6	4	9	6	6	4	3	7	0	0	1	3	2	3	2	0	1	2	3	0	2	2	0	3	1	0	2	3	2	1	9	8	2	1	7	1	4	0	1	1	2	3	3	7	6	19	2	0	8	0	1	2	1	6
2	1	0	1	0	1	2	1	1	2	1	2	0	1	3	2	5	1	2	4	3	0	1	2	2	3	0	1	3	2	1	7	5	10	7	7	5	2	8	1	1	2	4	1	2	1	1	2	3	4	1	1	3	1	2	2	1	1	4	1	2	10	9	3	0	8	2	3	1	2	2	3	4	4	8	5	20	3	1	9	1	2	3	2	5
1	2	1	0	1	2	3	2	2	3	2	3	1	2	4	3	4	0	1	3	2	1	0	1	1	2	1	0	4	1	0	8	6	11	8	8	6	1	9	2	2	3	5	0	1	0	2	3	4	5	2	0	4	2	1	3	2	0	5	0	3	11	10	4	1	9	3	2	2	3	3	4	5	5	9	4	21	4	2	10	2	3	4	3	4
2	1	0	1	0	1	2	1	1	2	1	2	0	1	3	2	5	1	2	4	3	0	1	2	2	3	0	1	3	2	1	7	5	10	7	7	5	2	8	1	1	2	4	1	2	1	1	2	3	4	1	1	3	1	2	2	1	1	4	1	2	10	9	3	0	8	2	3	1	2	2	3	4	4	8	5	20	3	1	9	1	2	3	2	5
3	0	1	2	1	0	1	0	0	1	0	1	1	0	2	1	6	2	3	5	4	1	2	3	3	4	1	2	2	3	2	6	4	9	6	6	4	3	7	0	0	1	3	2	3	2	0	1	2	3	0	2	2	0	3	1	0	2	3	2	1	9	8	2	1	7	1	4	0	1	1	2	3	3	7	6	19	2	0	8	0	1	2	1	6
4	1	2	3	2	1	0	1	1	0	1	0	2	1	1	0	7	3	4	6	5	2	3	4	4	5	2	3	1	4	3	5	3	8	5	5	3	4	6	1	1	0	2	3	4	3	1	0	1	2	1	3	1	1	4	0	1	3	2	3	0	8	7	1	2	6	0	5	1	0	0	1	2	2	6	7	18	1	1	7	1	0	1	0	7
3	0	1	2	1	0	1	0	0	1	0	1	1	0	2	1	6	2	3	5	4	1	2	3	3	4	1	2	2	3	2	6	4	9	6	6	4	3	7	0	0	1	3	2	3	2	0	1	2	3	0	2	2	0	3	1	0	2	3	2	1	9	8	2	1	7	1	4	0	1	1	2	3	3	7	6	19	2	0	8	0	1	2	1	6
3	0	1	2	1	0	1	0	0	1	0	1	1	0	2	1	6	2	3	5	4	1	2	3	3	4	1	2	2	3	2	6	4	9	6	6	4	3	7	0	0	1	3	2	3	2	0	1	2	3	0	2	2	0	3	1	0	2	3	2	1	9	8	2	1	7	1	4	0	1	1	2	3	3	7	6	19	2	0	8	0	1	2	1	6
4	1	2	3	2	1	0	1	1	0	1	0	2	1	1	0	7	3	4	6	5	2	3	4	4	5	2	3	1	4	3	5	3	8	5	5	3	4	6	1	1	0	2	3	4	3	1	0	1	2	1	3	1	1	4	0	1	3	2	3	0	8	7	1	2	6	0	5	1	0	0	1	2	2	6	7	18	1	1	7	1	0	1	0	7
3	0	1	2	1	0	1	0	0	1	0	1	1	0	2	1	6	2	3	5	4	1	2	3	3	4	1	2	2	3	2	6	4	9	6	6	4	3	7	0	0	1	3	2	3	2	0	1	2	3	0	2	2	0	3	1	0	2	3	2	1	9	8	2	1	7	1	4	0	1	1	2	3	3	7	6	19	2	0	8	0	1	2	1	6
4	1	2	3	2	1	0	1	1	0	1	0	2	1	1	0	7	3	4	6	5	2	3	4	4	5	2	3	1	4	3	5	3	8	5	5	3	4	6	1	1	0	2	3	4	3	1	0	1	2	1	3	1	1	4	0	1	3	2	3	0	8	7	1	2	6	0	5	1	0	0	1	2	2	6	7	18	1	1	7	1	0	1	0	7
2	1	0	1	0	1	2	1	1	2	1	2	0	1	3	2	5	1	2	4	3	0	1	2	2	3	0	1	3	2	1	7	5	10	7	7	5	2	8	1	1	2	4	1	2	1	1	2	3	4	1	1	3	1	2	2	1	1	4	1	2	10	9	3	0	8	2	3	1	2	2	3	4	4	8	5	20	3	1	9	1	2	3	2	5
3	0	1	2	1	0	1	0	0	1	0	1	1	0	2	1	6	2	3	5	4	1	2	3	3	4	1	2	2	3	2	6	4	9	6	6	4	3	7	0	0	1	3	2	3	2	0	1	2	3	0	2	2	0	3	1	0	2	3	2	1	9	8	2	1	7	1	4	0	1	1	2	3	3	7	6	19	2	0	8	0	1	2	1	6
5	2	3	4	3	2	1	2	2	1	2	1	3	2	0	1	8	4	5	7	6	3	4	5	5	6	3	4	0	5	4	4	2	7	4	4	2	5	5	2	2	1	1	4	5	4	2	1	0	1	2	4	0	2	5	1	2	4	1	4	1	7	6	0	3	5	1	6	2	1	1	0	1	1	5	8	17	0	2	6	2	1	0	1	8
4	1	2	3	2	1	0	1	1	0	1	0	2	1	1	0	7	3	4	6	5	2	3	4	4	5	2	3	1	4	3	5	3	8	5	5	3	4	6	1	1	0	2	3	4	3	1	0	1	2	1	3	1	1	4	0	1	3	2	3	0	8	7	1	2	6	0	5	1	0	0	1	2	2	6	7	18	1	1	7	1	0	1	0	7
3	6	5	4	5	6	7	6	6	7	6	7	5	6	8	7	0	4	3	1	2	5	4	3	3	2	5	4	8	3	4	12	10	15	12	12	10	3	13	6	6	7	9	4	3	4	6	7	8	9	6	4	8	6	3	7	6	4	9	4	7	15	14	8	5	13	7	2	6	7	7	8	9	9	13	0	25	8	6	14	6	7	8	7	0
1	2	1	0	1	2	3	2	2	3	2	3	1	2	4	3	4	0	1	3	2	1	0	1	1	2	1	0	4	1	0	8	6	11	8	8	6	1	9	2	2	3	5	0	1	0	2	3	4	5	2	0	4	2	1	3	2	0	5	0	3	11	10	4	1	9	3	2	2	3	3	4	5	5	9	4	21	4	2	10	2	3	4	3	4
0	3	2	1	2	3	4	3	3	4	3	4	2	3	5	4	3	1	0	2	1	2	1	0	0	1	2	1	5	0	1	9	7	12	9	9	7	0	10	3	3	4	6	1	0	1	3	4	5	6	3	1	5	3	0	4	3	1	6	1	4	12	11	5	2	10	4	1	3	4	4	5	6	6	10	3	22	5	3	11	3	4	5	4	3
2	5	4	3	4	5	6	5	5	6	5	6	4	5	7	6	1	3	2	0	1	4	3	2	2	1	4	3	7	2	3	11	9	14	11	11	9	2	12	5	5	6	8	3	2	3	5	6	7	8	5	3	7	5	2	6	5	3	8	3	6	14	13	7	4	12	6	1	5	6	6	7	8	8	12	1	24	7	5	13	5	6	7	6	1
1	4	3	2	3	4	5	4	4	5	4	5	3	4	6	5	2	2	1	1	0	3	2	1	1	0	3	2	6	1	2	10	8	13	10	10	8	1	11	4	4	5	7	2	1	2	4	5	6	7	4	2	6	4	1	5	4	2	7	2	5	13	12	6	3	11	5	0	4	5	5	6	7	7	11	2	23	6	4	12	4	5	6	5	2
2	1	0	1	0	1	2	1	1	2	1	2	0	1	3	2	5	1	2	4	3	0	1	2	2	3	0	1	3	2	1	7	5	10	7	7	5	2	8	1	1	2	4	1	2	1	1	2	3	4	1	1	3	1	2	2	1	1	4	1	2	10	9	3	0	8	2	3	1	2	2	3	4	4	8	5	20	3	1	9	1	2	3	2	5
1	2	1	0	1	2	3	2	2	3	2	3	1	2	4	3	4	0	1	3	2	1	0	1	1	2	1	0	4	1	0	8	6	11	8	8	6	1	9	2	2	3	5	0	1	0	2	3	4	5	2	0	4	2	1	3	2	0	5	0	3	11	10	4	1	9	3	2	2	3	3	4	5	5	9	4	21	4	2	10	2	3	4	3	4
0	3	2	1	2	3	4	3	3	4	3	4	2	3	5	4	3	1	0	2	1	2	1	0	0	1	2	1	5	0	1	9	7	12	9	9	7	0	10	3	3	4	6	1	0	1	3	4	5	6	3	1	5	3	0	4	3	1	6	1	4	12	11	5	2	10	4	1	3	4	4	5	6	6	10	3	22	5	3	11	3	4	5	4	3
0	3	2	1	2	3	4	3	3	4	3	4	2	3	5	4	3	1	0	2	1	2	1	0	0	1	2	1	5	0	1	9	7	12	9	9	7	0	10	3	3	4	6	1	0	1	3	4	5	6	3	1	5	3	0	4	3	1	6	1	4	12	11	5	2	10	4	1	3	4	4	5	6	6	10	3	22	5	3	11	3	4	5	4	3
1	4	3	2	3	4	5	4	4	5	4	5	3	4	6	5	2	2	1	1	0	3	2	1	1	0	3	2	6	1	2	10	8	13	10	10	8	1	11	4	4	5	7	2	1	2	4	5	6	7	4	2	6	4	1	5	4	2	7	2	5	13	12	6	3	11	5	0	4	5	5	6	7	7	11	2	23	6	4	12	4	5	6	5	2
2	1	0	1	0	1	2	1	1	2	1	2	0	1	3	2	5	1	2	4	3	0	1	2	2	3	0	1	3	2	1	7	5	10	7	7	5	2	8	1	1	2	4	1	2	1	1	2	3	4	1	1	3	1	2	2	1	1	4	1	2	10	9	3	0	8	2	3	1	2	2	3	4	4	8	5	20	3	1	9	1	2	3	2	5
1	2	1	0	1	2	3	2	2	3	2	3	1	2	4	3	4	0	1	3	2	1	0	1	1	2	1	0	4	1	0	8	6	11	8	8	6	1	9	2	2	3	5	0	1	0	2	3	4	5	2	0	4	2	1	3	2	0	5	0	3	11	10	4	1	9	3	2	2	3	3	4	5	5	9	4	21	4	2	10	2	3	4	3	4
5	2	3	4	3	2	1	2	2	1	2	1	3	2	0	1	8	4	5	7	6	3	4	5	5	6	3	4	0	5	4	4	2	7	4	4	2	5	5	2	2	1	1	4	5	4	2	1	0	1	2	4	0	2	5	1	2	4	1	4	1	7	6	0	3	5	1	6	2	1	1	0	1	1	5	8	17	0	2	6	2	1	0	1	8
0	3	2	1	2	3	4	3	3	4	3	4	2	3	5	4	3	1	0	2	1	2	1	0	0	1	2	1	5	0	1	9	7	12	9	9	7	0	10	3	3	4	6	1	0	1	3	4	5	6	3	1	5	3	0	4	3	1	6	1	4	12	11	5	2	10	4	1	3	4	4	5	6	6	10	3	22	5	3	11	3	4	5	4	3
1	2	1	0	1	2	3	2	2	3	2	3	1	2	4	3	4	0	1	3	2	1	0	1	1	2	1	0	4	1	0	8	6	11	8	8	6	1	9	2	2	3	5	0	1	0	2	3	4	5	2	0	4	2	1	3	2	0	5	0	3	11	10	4	1	9	3	2	2	3	3	4	5	5	9	4	21	4	2	10	2	3	4	3	4
9	6	7	8	7	6	5	6	6	5	6	5	7	6	4	5	12	8	9	11	10	7	8	9	9	10	7	8	4	9	8	0	2	3	0	0	2	9	1	6	6	5	3	8	9	8	6	5	4	3	6	8	4	6	9	5	6	8	3	8	5	3	2	4	7	1	5	10	6	5	5	4	3	3	1	12	13	4	6	2	6	5	4	5	12
7	4	5	6	5	4	3	4	4	3	4	3	5	4	2	3	10	6	7	9	8	5	6	7	7	8	5	6	2	7	6	2	0	5	2	2	0	7	3	4	4	3	1	6	7	6	4	3	2	1	4	6	2	4	7	3	4	6	1	6	3	5	4	2	5	3	3	8	4	3	3	2	1	1	3	10	15	2	4	4	4	3	2	3	10
12	9	10	11	10	9	8	9	9	8	9	8	10	9	7	8	15	11	12	14	13	10	11	12	12	13	10	11	7	12	11	3	5	0	3	3	5	12	2	9	9	8	6	11	12	11	9	8	7	6	9	11	7	9	12	8	9	11	6	11	8	0	1	7	10	2	8	13	9	8	8	7	6	6	2	15	10	7	9	1	9	8	7	8	15
9	6	7	8	7	6	5	6	6	5	6	5	7	6	4	5	12	8	9	11	10	7	8	9	9	10	7	8	4	9	8	0	2	3	0	0	2	9	1	6	6	5	3	8	9	8	6	5	4	3	6	8	4	6	9	5	6	8	3	8	5	3	2	4	7	1	5	10	6	5	5	4	3	3	1	12	13	4	6	2	6	5	4	5	12
9	6	7	8	7	6	5	6	6	5	6	5	7	6	4	5	12	8	9	11	10	7	8	9	9	10	7	8	4	9	8	0	2	3	0	0	2	9	1	6	6	5	3	8	9	8	6	5	4	3	6	8	4	6	9	5	6	8	3	8	5	3	2	4	7	1	5	10	6	5	5	4	3	3	1	12	13	4	6	2	6	5	4	5	12
7	4	5	6	5	4	3	4	4	3	4	3	5	4	2	3	10	6	7	9	8	5	6	7	7	8	5	6	2	7	6	2	0	5	2	2	0	7	3	4	4	3	1	6	7	6	4	3	2	1	4	6	2	4	7	3	4	6	1	6	3	5	4	2	5	3	3	8	4	3	3	2	1	1	3	10	15	2	4	4	4	3	2	3	10
0	3	2	1	2	3	4	3	3	4	3	4	2	3	5	4	3	1	0	2	1	2	1	0	0	1	2	1	5	0	1	9	7	12	9	9	7	0	10	3	3	4	6	1	0	1	3	4	5	6	3	1	5	3	0	4	3	1	6	1	4	12	11	5	2	10	4	1	3	4	4	5	6	6	10	3	22	5	3	11	3	4	5	4	3
10	7	8	9	8	7	6	7	7	6	7	6	8	7	5	6	13	9	10	12	11	8	9	10	10	11	8	9	5	10	9	1	3	2	1	1	3	10	0	7	7	6	4	9	10	9	7	6	5	4	7	9	5	7	10	6	7	9	4	9	6	2	1	5	8	0	6	11	7	6	6	5	4	4	0	13	12	5	7	1	7	6	5	6	13
3	0	1	2	1	0	1	0	0	1	0	1	1	0	2	1	6	2	3	5	4	1	2	3	3	4	1	2	2	3	2	6	4	9	6	6	4	3	7	0	0	1	3	2	3	2	0	1	2	3	0	2	2	0	3	1	0	2	3	2	1	9	8	2	1	7	1	4	0	1	1	2	3	3	7	6	19	2	0	8	0	1	2	1	6
3	0	1	2	1	0	1	0	0	1	0	1	1	0	2	1	6	2	3	5	4	1	2	3	3	4	1	2	2	3	2	6	4	9	6	6	4	3	7	0	0	1	3	2	3	2	0	1	2	3	0	2	2	0	3	1	0	2	3	2	1	9	8	2	1	7	1	4	0	1	1	2	3	3	7	6	19	2	0	8	0	1	2	1	6
4	1	2	3	2	1	0	1	1	0	1	0	2	1	1	0	7	3	4	6	5	2	3	4	4	5	2	3	1	4	3	5	3	8	5	5	3	4	6	1	1	0	2	3	4	3	1	0	1	2	1	3	1	1	4	0	1	3	2	3	0	8	7	1	2	6	0	5	1	0	0	1	2	2	6	7	18	1	1	7	1	0	1	0	7
6	3	4	5	4	3	2	3	3	2	3	2	4	3	1	2	9	5	6	8	7	4	5	6	6	7	4	5	1	6	5	3	1	6	3	3	1	6	4	3	3	2	0	5	6	5	3	2	1	0	3	5	1	3	6	2	3	5	0	5	2	6	5	1	4	4	2	7	3	2	2	1	0	0	4	9	16	1	3	5	3	2	1	2	9
1	2	1	0	1	2	3	2	2	3	2	3	1	2	4	3	4	0	1	3	2	1	0	1	1	2	1	0	4	1	0	8	6	11	8	8	6	1	9	2	2	3	5	0	1	0	2	3	4	5	2	0	4	2	1	3	2	0	5	0	3	11	10	4	1	9	3	2	2	3	3	4	5	5	9	4	21	4	2	10	2	3	4	3	4
0	3	2	1	2	3	4	3	3	4	3	4	2	3	5	4	3	1	0	2	1	2	1	0	0	1	2	1	5	0	1	9	7	12	9	9	7	0	10	3	3	4	6	1	0	1	3	4	5	6	3	1	5	3	0	4	3	1	6	1	4	12	11	5	2	10	4	1	3	4	4	5	6	6	10	3	22	5	3	11	3	4	5	4	3
1	2	1	0	1	2	3	2	2	3	2	3	1	2	4	3	4	0	1	3	2	1	0	1	1	2	1	0	4	1	0	8	6	11	8	8	6	1	9	2	2	3	5	0	1	0	2	3	4	5	2	0	4	2	1	3	2	0	5	0	3	11	10	4	1	9	3	2	2	3	3	4	5	5	9	4	21	4	2	10	2	3	4	3	4
3	0	1	2	1	0	1	0	0	1	0	1	1	0	2	1	6	2	3	5	4	1	2	3	3	4	1	2	2	3	2	6	4	9	6	6	4	3	7	0	0	1	3	2	3	2	0	1	2	3	0	2	2	0	3	1	0	2	3	2	1	9	8	2	1	7	1	4	0	1	1	2	3	3	7	6	19	2	0	8	0	1	2	1	6
4	1	2	3	2	1	0	1	1	0	1	0	2	1	1	0	7	3	4	6	5	2	3	4	4	5	2	3	1	4	3	5	3	8	5	5	3	4	6	1	1	0	2	3	4	3	1	0	1	2	1	3	1	1	4	0	1	3	2	3	0	8	7	1	2	6	0	5	1	0	0	1	2	2	6	7	18	1	1	7	1	0	1	0	7
5	2	3	4	3	2	1	2	2	1	2	1	3	2	0	1	8	4	5	7	6	3	4	5	5	6	3	4	0	5	4	4	2	7	4	4	2	5	5	2	2	1	1	4	5	4	2	1	0	1	2	4	0	2	5	1	2	4	1	4	1	7	6	0	3	5	1	6	2	1	1	0	1	1	5	8	17	0	2	6	2	1	0	1	8
6	3	4	5	4	3	2	3	3	2	3	2	4	3	1	2	9	5	6	8	7	4	5	6	6	7	4	5	1	6	5	3	1	6	3	3	1	6	4	3	3	2	0	5	6	5	3	2	1	0	3	5	1	3	6	2	3	5	0	5	2	6	5	1	4	4	2	7	3	2	2	1	0	0	4	9	16	1	3	5	3	2	1	2	9
3	0	1	2	1	0	1	0	0	1	0	1	1	0	2	1	6	2	3	5	4	1	2	3	3	4	1	2	2	3	2	6	4	9	6	6	4	3	7	0	0	1	3	2	3	2	0	1	2	3	0	2	2	0	3	1	0	2	3	2	1	9	8	2	1	7	1	4	0	1	1	2	3	3	7	6	19	2	0	8	0	1	2	1	6
1	2	1	0	1	2	3	2	2	3	2	3	1	2	4	3	4	0	1	3	2	1	0	1	1	2	1	0	4	1	0	8	6	11	8	8	6	1	9	2	2	3	5	0	1	0	2	3	4	5	2	0	4	2	1	3	2	0	5	0	3	11	10	4	1	9	3	2	2	3	3	4	5	5	9	4	21	4	2	10	2	3	4	3	4
5	2	3	4	3	2	1	2	2	1	2	1	3	2	0	1	8	4	5	7	6	3	4	5	5	6	3	4	0	5	4	4	2	7	4	4	2	5	5	2	2	1	1	4	5	4	2	1	0	1	2	4	0	2	5	1	2	4	1	4	1	7	6	0	3	5	1	6	2	1	1	0	1	1	5	8	17	0	2	6	2	1	0	1	8
3	0	1	2	1	0	1	0	0	1	0	1	1	0	2	1	6	2	3	5	4	1	2	3	3	4	1	2	2	3	2	6	4	9	6	6	4	3	7	0	0	1	3	2	3	2	0	1	2	3	0	2	2	0	3	1	0	2	3	2	1	9	8	2	1	7	1	4	0	1	1	2	3	3	7	6	19	2	0	8	0	1	2	1	6
0	3	2	1	2	3	4	3	3	4	3	4	2	3	5	4	3	1	0	2	1	2	1	0	0	1	2	1	5	0	1	9	7	12	9	9	7	0	10	3	3	4	6	1	0	1	3	4	5	6	3	1	5	3	0	4	3	1	6	1	4	12	11	5	2	10	4	1	3	4	4	5	6	6	10	3	22	5	3	11	3	4	5	4	3
4	1	2	3	2	1	0	1	1	0	1	0	2	1	1	0	7	3	4	6	5	2	3	4	4	5	2	3	1	4	3	5	3	8	5	5	3	4	6	1	1	0	2	3	4	3	1	0	1	2	1	3	1	1	4	0	1	3	2	3	0	8	7	1	2	6	0	5	1	0	0	1	2	2	6	7	18	1	1	7	1	0	1	0	7
3	0	1	2	1	0	1	0	0	1	0	1	1	0	2	1	6	2	3	5	4	1	2	3	3	4	1	2	2	3	2	6	4	9	6	6	4	3	7	0	0	1	3	2	3	2	0	1	2	3	0	2	2	0	3	1	0	2	3	2	1	9	8	2	1	7	1	4	0	1	1	2	3	3	7	6	19	2	0	8	0	1	2	1	6
1	2	1	0	1	2	3	2	2	3	2	3	1	2	4	3	4	0	1	3	2	1	0	1	1	2	1	0	4	1	0	8	6	11	8	8	6	1	9	2	2	3	5	0	1	0	2	3	4	5	2	0	4	2	1	3	2	0	5	0	3	11	10	4	1	9	3	2	2	3	3	4	5	5	9	4	21	4	2	10	2	3	4	3	4
6	3	4	5	4	3	2	3	3	2	3	2	4	3	1	2	9	5	6	8	7	4	5	6	6	7	4	5	1	6	5	3	1	6	3	3	1	6	4	3	3	2	0	5	6	5	3	2	1	0	3	5	1	3	6	2	3	5	0	5	2	6	5	1	4	4	2	7	3	2	2	1	0	0	4	9	16	1	3	5	3	2	1	2	9
1	2	1	0	1	2	3	2	2	3	2	3	1	2	4	3	4	0	1	3	2	1	0	1	1	2	1	0	4	1	0	8	6	11	8	8	6	1	9	2	2	3	5	0	1	0	2	3	4	5	2	0	4	2	1	3	2	0	5	0	3	11	10	4	1	9	3	2	2	3	3	4	5	5	9	4	21	4	2	10	2	3	4	3	4
4	1	2	3	2	1	0	1	1	0	1	0	2	1	1	0	7	3	4	6	5	2	3	4	4	5	2	3	1	4	3	5	3	8	5	5	3	4	6	1	1	0	2	3	4	3	1	0	1	2	1	3	1	1	4	0	1	3	2	3	0	8	7	1	2	6	0	5	1	0	0	1	2	2	6	7	18	1	1	7	1	0	1	0	7
12	9	10	11	10	9	8	9	9	8	9	8	10	9	7	8	15	11	12	14	13	10	11	12	12	13	10	11	7	12	11	3	5	0	3	3	5	12	2	9	9	8	6	11	12	11	9	8	7	6	9	11	7	9	12	8	9	11	6	11	8	0	1	7	10	2	8	13	9	8	8	7	6	6	2	15	10	7	9	1	9	8	7	8	15
11	8	9	10	9	8	7	8	8	7	8	7	9	8	6	7	14	10	11	13	12	9	10	11	11	12	9	10	6	11	10	2	4	1	2	2	4	11	1	8	8	7	5	10	11	10	8	7	6	5	8	10	6	8	11	7	8	10	5	10	7	1	0	6	9	1	7	12	8	7	7	6	5	5	1	14	11	6	8	0	8	7	6	7	14
5	2	3	4	3	2	1	2	2	1	2	1	3	2	0	1	8	4	5	7	6	3	4	5	5	6	3	4	0	5	4	4	2	7	4	4	2	5	5	2	2	1	1	4	5	4	2	1	0	1	2	4	0	2	5	1	2	4	1	4	1	7	6	0	3	5	1	6	2	1	1	0	1	1	5	8	17	0	2	6	2	1	0	1	8
2	1	0	1	0	1	2	1	1	2	1	2	0	1	3	2	5	1	2	4	3	0	1	2	2	3	0	1	3	2	1	7	5	10	7	7	5	2	8	1	1	2	4	1	2	1	1	2	3	4	1	1	3	1	2	2	1	1	4	1	2	10	9	3	0	8	2	3	1	2	2	3	4	4	8	5	20	3	1	9	1	2	3	2	5
10	7	8	9	8	7	6	7	7	6	7	6	8	7	5	6	13	9	10	12	11	8	9	10	10	11	8	9	5	10	9	1	3	2	1	1	3	10	0	7	7	6	4	9	10	9	7	6	5	4	7	9	5	7	10	6	7	9	4	9	6	2	1	5	8	0	6	11	7	6	6	5	4	4	0	13	12	5	7	1	7	6	5	6	13
4	1	2	3	2	1	0	1	1	0	1	0	2	1	1	0	7	3	4	6	5	2	3	4	4	5	2	3	1	4	3	5	3	8	5	5	3	4	6	1	1	0	2	3	4	3	1	0	1	2	1	3	1	1	4	0	1	3	2	3	0	8	7	1	2	6	0	5	1	0	0	1	2	2	6	7	18	1	1	7	1	0	1	0	7
1	4	3	2	3	4	5	4	4	5	4	5	3	4	6	5	2	2	1	1	0	3	2	1	1	0	3	2	6	1	2	10	8	13	10	10	8	1	11	4	4	5	7	2	1	2	4	5	6	7	4	2	6	4	1	5	4	2	7	2	5	13	12	6	3	11	5	0	4	5	5	6	7	7	11	2	23	6	4	12	4	5	6	5	2
3	0	1	2	1	0	1	0	0	1	0	1	1	0	2	1	6	2	3	5	4	1	2	3	3	4	1	2	2	3	2	6	4	9	6	6	4	3	7	0	0	1	3	2	3	2	0	1	2	3	0	2	2	0	3	1	0	2	3	2	1	9	8	2	1	7	1	4	0	1	1	2	3	3	7	6	19	2	0	8	0	1	2	1	6
4	1	2	3	2	1	0	1	1	0	1	0	2	1	1	0	7	3	4	6	5	2	3	4	4	5	2	3	1	4	3	5	3	8	5	5	3	4	6	1	1	0	2	3	4	3	1	0	1	2	1	3	1	1	4	0	1	3	2	3	0	8	7	1	2	6	0	5	1	0	0	1	2	2	6	7	18	1	1	7	1	0	1	0	7
4	1	2	3	2	1	0	1	1	0	1	0	2	1	1	0	7	3	4	6	5	2	3	4	4	5	2	3	1	4	3	5	3	8	5	5	3	4	6	1	1	0	2	3	4	3	1	0	1	2	1	3	1	1	4	0	1	3	2	3	0	8	7	1	2	6	0	5	1	0	0	1	2	2	6	7	18	1	1	7	1	0	1	0	7
5	2	3	4	3	2	1	2	2	1	2	1	3	2	0	1	8	4	5	7	6	3	4	5	5	6	3	4	0	5	4	4	2	7	4	4	2	5	5	2	2	1	1	4	5	4	2	1	0	1	2	4	0	2	5	1	2	4	1	4	1	7	6	0	3	5	1	6	2	1	1	0	1	1	5	8	17	0	2	6	2	1	0	1	8
6	3	4	5	4	3	2	3	3	2	3	2	4	3	1	2	9	5	6	8	7	4	5	6	6	7	4	5	1	6	5	3	1	6	3	3	1	6	4	3	3	2	0	5	6	5	3	2	1	0	3	5	1	3	6	2	3	5	0	5	2	6	5	1	4	4	2	7	3	2	2	1	0	0	4	9	16	1	3	5	3	2	1	2	9
6	3	4	5	4	3	2	3	3	2	3	2	4	3	1	2	9	5	6	8	7	4	5	6	6	7	4	5	1	6	5	3	1	6	3	3	1	6	4	3	3	2	0	5	6	5	3	2	1	0	3	5	1	3	6	2	3	5	0	5	2	6	5	1	4	4	2	7	3	2	2	1	0	0	4	9	16	1	3	5	3	2	1	2	9
10	7	8	9	8	7	6	7	7	6	7	6	8	7	5	6	13	9	10	12	11	8	9	10	10	11	8	9	5	10	9	1	3	2	1	1	3	10	0	7	7	6	4	9	10	9	7	6	5	4	7	9	5	7	10	6	7	9	4	9	6	2	1	5	8	0	6	11	7	6	6	5	4	4	0	13	12	5	7	1	7	6	5	6	13
3	6	5	4	5	6	7	6	6	7	6	7	5	6	8	7	0	4	3	1	2	5	4	3	3	2	5	4	8	3	4	12	10	15	12	12	10	3	13	6	6	7	9	4	3	4	6	7	8	9	6	4	8	6	3	7	6	4	9	4	7	15	14	8	5	13	7	2	6	7	7	8	9	9	13	0	25	8	6	14	6	7	8	7	0
22	19	20	21	20	19	18	19	19	18	19	18	20	19	17	18	25	21	22	24	23	20	21	22	22	23	20	21	17	22	21	13	15	10	13	13	15	22	12	19	19	18	16	21	22	21	19	18	17	16	19	21	17	19	22	18	19	21	16	21	18	10	11	17	20	12	18	23	19	18	18	17	16	16	12	25	0	17	19	11	19	18	17	18	25
5	2	3	4	3	2	1	2	2	1	2	1	3	2	0	1	8	4	5	7	6	3	4	5	5	6	3	4	0	5	4	4	2	7	4	4	2	5	5	2	2	1	1	4	5	4	2	1	0	1	2	4	0	2	5	1	2	4	1	4	1	7	6	0	3	5	1	6	2	1	1	0	1	1	5	8	17	0	2	6	2	1	0	1	8
3	0	1	2	1	0	1	0	0	1	0	1	1	0	2	1	6	2	3	5	4	1	2	3	3	4	1	2	2	3	2	6	4	9	6	6	4	3	7	0	0	1	3	2	3	2	0	1	2	3	0	2	2	0	3	1	0	2	3	2	1	9	8	2	1	7	1	4	0	1	1	2	3	3	7	6	19	2	0	8	0	1	2	1	6
11	8	9	10	9	8	7	8	8	7	8	7	9	8	6	7	14	10	11	13	12	9	10	11	11	12	9	10	6	11	10	2	4	1	2	2	4	11	1	8	8	7	5	10	11	10	8	7	6	5	8	10	6	8	11	7	8	10	5	10	7	1	0	6	9	1	7	12	8	7	7	6	5	5	1	14	11	6	8	0	8	7	6	7	14
3	0	1	2	1	0	1	0	0	1	0	1	1	0	2	1	6	2	3	5	4	1	2	3	3	4	1	2	2	3	2	6	4	9	6	6	4	3	7	0	0	1	3	2	3	2	0	1	2	3	0	2	2	0	3	1	0	2	3	2	1	9	8	2	1	7	1	4	0	1	1	2	3	3	7	6	19	2	0	8	0	1	2	1	6
4	1	2	3	2	1	0	1	1	0	1	0	2	1	1	0	7	3	4	6	5	2	3	4	4	5	2	3	1	4	3	5	3	8	5	5	3	4	6	1	1	0	2	3	4	3	1	0	1	2	1	3	1	1	4	0	1	3	2	3	0	8	7	1	2	6	0	5	1	0	0	1	2	2	6	7	18	1	1	7	1	0	1	0	7
5	2	3	4	3	2	1	2	2	1	2	1	3	2	0	1	8	4	5	7	6	3	4	5	5	6	3	4	0	5	4	4	2	7	4	4	2	5	5	2	2	1	1	4	5	4	2	1	0	1	2	4	0	2	5	1	2	4	1	4	1	7	6	0	3	5	1	6	2	1	1	0	1	1	5	8	17	0	2	6	2	1	0	1	8
4	1	2	3	2	1	0	1	1	0	1	0	2	1	1	0	7	3	4	6	5	2	3	4	4	5	2	3	1	4	3	5	3	8	5	5	3	4	6	1	1	0	2	3	4	3	1	0	1	2	1	3	1	1	4	0	1	3	2	3	0	8	7	1	2	6	0	5	1	0	0	1	2	2	6	7	18	1	1	7	1	0	1	0	7
3	6	5	4	5	6	7	6	6	7	6	7	5	6	8	7	0	4	3	1	2	5	4	3	3	2	5	4	8	3	4	12	10	15	12	12	10	3	13	6	6	7	9	4	3	4	6	7	8	9	6	4	8	6	3	7	6	4	9	4	7	15	14	8	5	13	7	2	6	7	7	8	9	9	13	0	25	8	6	14	6	7	8	7	0
