0	6	4	42	5	5	23	5	4	66	5	2	2	5	61	2	7	3	7	9	4	7	5	4	7	7	7	6	6	7	9	5	60	5	4	4	49	10	7	3	7	36	101	4	4	4	5	4	4	5	6	8	2	4	7	12	10	6	1	2	4	1	64	32	2	4	27	4	2	3	33	64	5	4	5	4	11	4	7	62	10	27	9	36	4
6	0	10	36	1	1	29	1	10	72	1	4	4	1	67	4	13	9	13	15	10	13	11	10	13	13	13	12	12	13	15	1	66	1	2	10	55	16	1	3	13	30	107	10	10	10	11	10	10	11	12	14	4	10	13	18	16	12	7	4	2	7	70	38	4	2	33	2	4	3	39	70	11	2	1	2	17	10	13	68	16	33	3	30	2
4	10	0	46	9	9	19	9	0	62	9	6	6	9	57	6	3	1	3	5	0	3	1	0	3	3	3	2	2	3	5	9	56	9	8	0	45	6	11	7	3	40	97	0	0	0	1	0	0	1	2	4	6	0	3	8	6	2	3	6	8	3	60	28	6	8	23	8	6	7	29	60	1	8	9	8	7	0	3	58	6	23	13	40	8
42	36	46	0	37	37	65	37	46	108	37	40	40	37	103	40	49	45	49	51	46	49	47	46	49	49	49	48	48	49	51	37	102	37	38	46	91	52	35	39	49	6	143	46	46	46	47	46	46	47	48	50	40	46	49	54	52	48	43	40	38	43	106	74	40	38	69	38	40	39	75	106	47	38	37	38	53	46	49	104	52	69	33	6	38
5	1	9	37	0	0	28	0	9	71	0	3	3	0	66	3	12	8	12	14	9	12	10	9	12	12	12	11	11	12	14	0	65	0	1	9	54	15	2	2	12	31	106	9	9	9	10	9	9	10	11	13	3	9	12	17	15	11	6	3	1	6	69	37	3	1	32	1	3	2	38	69	10	1	0	1	16	9	12	67	15	32	4	31	1
5	1	9	37	0	0	28	0	9	71	0	3	3	0	66	3	12	8	12	14	9	12	10	9	12	12	12	11	11	12	14	0	65	0	1	9	54	15	2	2	12	31	106	9	9	9	10	9	9	10	11	13	3	9	12	17	15	11	6	3	1	6	69	37	3	1	32	1	3	2	38	69	10	1	0	1	16	9	12	67	15	32	4	31	1
23	29	19	65	28	28	0	28	19	43	28	25	25	28	38	25	16	20	16	14	19	16	18	19	16	16	16	17	17	16	14	28	37	28	27	19	26	13	30	26	16	59	78	19	19	19	18	19	19	18	17	15	25	19	16	11	13	17	22	25	27	22	41	9	25	27	4	27	25	26	10	41	18	27	28	27	12	19	16	39	13	4	32	59	27
5	1	9	37	0	0	28	0	9	71	0	3	3	0	66	3	12	8	12	14	9	12	10	9	12	12	12	11	11	12	14	0	65	0	1	9	54	15	2	2	12	31	106	9	9	9	10	9	9	10	11	13	3	9	12	17	15	11	6	3	1	6	69	37	3	1	32	1	3	2	38	69	10	1	0	1	16	9	12	67	15	32	4	31	1
4	10	0	46	9	9	19	9	0	62	9	6	6	9	57	6	3	1	3	5	0	3	1	0	3	3	3	2	2	3	5	9	56	9	8	0	45	6	11	7	3	40	97	0	0	0	1	0	0	1	2	4	6	0	3	8	6	2	3	6	8	3	60	28	6	8	23	8	6	7	29	60	1	8	9	8	7	0	3	58	6	23	13	40	8
66	72	62	108	71	71	43	71	62	0	71	68	68	71	5	68	59	63	59	57	62	59	61	62	59	59	59	60	60	59	57	71	6	71	70	62	17	56	73	69	59	102	35	62	62	62	61	62	62	61	60	58	68	62	59	54	56	60	65	68	70	65	2	34	68	70	39	70	68	69	33	2	61	70	71	70	55	62	59	4	56	39	75	102	70
5	1	9	37	0	0	28	0	9	71	0	3	3	0	66	3	12	8	12	14	9	12	10	9	12	12	12	11	11	12	14	0	65	0	1	9	54	15	2	2	12	31	106	9	9	9	10	9	9	10	11	13	3	9	12	17	15	11	6	3	1	6	69	37	3	1	32	1	3	2	38	69	10	1	0	1	16	9	12	67	15	32	4	31	1
2	4	6	40	3	3	25	3	6	68	3	0	0	3	63	0	9	5	9	11	6	9	7	6	9	9	9	8	8	9	11	3	62	3	2	6	51	12	5	1	9	34	103	6	6	6	7	6	6	7	8	10	0	6	9	14	12	8	3	0	2	3	66	34	0	2	29	2	0	1	35	66	7	2	3	2	13	6	9	64	12	29	7	34	2
2	4	6	40	3	3	25	3	6	68	3	0	0	3	63	0	9	5	9	11	6	9	7	6	9	9	9	8	8	9	11	3	62	3	2	6	51	12	5	1	9	34	103	6	6	6	7	6	6	7	8	10	0	6	9	14	12	8	3	0	2	3	66	34	0	2	29	2	0	1	35	66	7	2	3	2	13	6	9	64	12	29	7	34	2
5	1	9	37	0	0	28	0	9	71	0	3	3	0	66	3	12	8	12	14	9	12	10	9	12	12	12	11	11	12	14	0	65	0	1	9	54	15	2	2	12	31	106	9	9	9	10	9	9	10	11	13	3	9	12	17	15	11	6	3	1	6	69	37	3	1	32	1	3	2	38	69	10	1	0	1	16	9	12	67	15	32	4	31	1
61	67	57	103	66	66	38	66	57	5	66	63	63	66	0	63	54	58	54	52	57	54	56	57	54	54	54	55	55	54	52	66	1	66	65	57	12	51	68	64	54	97	40	57	57	57	56	57	57	56	55	53	63	57	54	49	51	55	60	63	65	60	3	29	63	65	34	65	63	64	28	3	56	65	66	65	50	57	54	1	51	34	70	97	65
2	4	6	40	3	3	25	3	6	68	3	0	0	3	63	0	9	5	9	11	6	9	7	6	9	9	9	8	8	9	11	3	62	3	2	6	51	12	5	1	9	34	103	6	6	6	7	6	6	7	8	10	0	6	9	14	12	8	3	0	2	3	66	34	0	2	29	2	0	1	35	66	7	2	3	2	13	6	9	64	12	29	7	34	2
7	13	3	49	12	12	16	12	3	59	12	9	9	12	54	9	0	4	0	2	3	0	2	3	0	0	0	1	1	0	2	12	53	12	11	3	42	3	14	10	0	43	94	3	3	3	2	3	3	2	1	1	9	3	0	5	3	1	6	9	11	6	57	25	9	11	20	11	9	10	26	57	2	11	12	11	4	3	0	55	3	20	16	43	11
3	9	1	45	8	8	20	8	1	63	8	5	5	8	58	5	4	0	4	6	1	4	2	1	4	4	4	3	3	4	6	8	57	8	7	1	46	7	10	6	4	39	98	1	1	1	2	1	1	2	3	5	5	1	4	9	7	3	2	5	7	2	61	29	5	7	24	7	5	6	30	61	2	7	8	7	8	1	4	59	7	24	12	39	7
7	13	3	49	12	12	16	12	3	59	12	9	9	12	54	9	0	4	0	2	3	0	2	3	0	0	0	1	1	0	2	12	53	12	11	3	42	3	14	10	0	43	94	3	3	3	2	3	3	2	1	1	9	3	0	5	3	1	6	9	11	6	57	25	9	11	20	11	9	10	26	57	2	11	12	11	4	3	0	55	3	20	16	43	11
9	15	5	51	14	14	14	14	5	57	14	11	11	14	52	11	2	6	2	0	5	2	4	5	2	2	2	3	3	2	0	14	51	14	13	5	40	1	16	12	2	45	92	5	5	5	4	5	5	4	3	1	11	5	2	3	1	3	8	11	13	8	55	23	11	13	18	13	11	12	24	55	4	13	14	13	2	5	2	53	1	18	18	45	13
4	10	0	46	9	9	19	9	0	62	9	6	6	9	57	6	3	1	3	5	0	3	1	0	3	3	3	2	2	3	5	9	56	9	8	0	45	6	11	7	3	40	97	0	0	0	1	0	0	1	2	4	6	0	3	8	6	2	3	6	8	3	60	28	6	8	23	8	6	7	29	60	1	8	9	8	7	0	3	58	6	23	13	40	8
7	13	3	49	12	12	16	12	3	59	12	9	9	12	54	9	0	4	0	2	3	0	2	3	0	0	0	1	1	0	2	12	53	12	11	3	42	3	14	10	0	43	94	3	3	3	2	3	3	2	1	1	9	3	0	5	3	1	6	9	11	6	57	25	9	11	20	11	9	10	26	57	2	11	12	11	4	3	0	55	3	20	16	43	11
5	11	1	47	10	10	18	10	1	61	10	7	7	10	56	7	2	2	2	4	1	2	0	1	2	2	2	1	1	2	4	10	55	10	9	1	44	5	12	8	2	41	96	1	1	1	0	1	1	0	1	3	7	1	2	7	5	1	4	7	9	4	59	27	7	9	22	9	7	8	28	59	0	9	10	9	6	1	2	57	5	22	14	41	9
4	10	0	46	9	9	19	9	0	62	9	6	6	9	57	6	3	1	3	5	0	3	1	0	3	3	3	2	2	3	5	9	56	9	8	0	45	6	11	7	3	40	97	0	0	0	1	0	0	1	2	4	6	0	3	8	6	2	3	6	8	3	60	28	6	8	23	8	6	7	29	60	1	8	9	8	7	0	3	58	6	23	13	40	8
7	13	3	49	12	12	16	12	3	59	12	9	9	12	54	9	0	4	0	2	3	0	2	3	0	0	0	1	1	0	2	12	53	12	11	3	42	3	14	10	0	43	94	3	3	3	2	3	3	2	1	1	9	3	0	5	3	1	6	9	11	6	57	25	9	11	20	11	9	10	26	57	2	11	12	11	4	3	0	55	3	20	16	43	11
7	13	3	49	12	12	16	12	3	59	12	9	9	12	54	9	0	4	0	2	3	0	2	3	0	0	0	1	1	0	2	12	53	12	11	3	42	3	14	10	0	43	94	3	3	3	2	3	3	2	1	1	9	3	0	5	3	1	6	9	11	6	57	25	9	11	20	11	9	10	26	57	2	11	12	11	4	3	0	55	3	20	16	43	11
7	13	3	49	12	12	16	12	3	59	12	9	9	12	54	9	0	4	0	2	3	0	2	3	0	0	0	1	1	0	2	12	53	12	11	3	42	3	14	10	0	43	94	3	3	3	2	3	3	2	1	1	9	3	0	5	3	1	6	9	11	6	57	25	9	11	20	11	9	10	26	57	2	11	12	11	4	3	0	55	3	20	16	43	11
6	12	2	48	11	11	17	11	2	60	11	8	8	11	55	8	1	3	1	3	2	1	1	2	1	1	1	0	0	1	3	11	54	11	10	2	43	4	13	9	1	42	95	2	2	2	1	2	2	1	0	2	8	2	1	6	4	0	5	8	10	5	58	26	8	10	21	10	8	9	27	58	1	10	11	10	5	2	1	56	4	21	15	42	10
6	12	2	48	11	11	17	11	2	60	11	8	8	11	55	8	1	3	1	3	2	1	1	2	1	1	1	0	0	1	3	11	54	11	10	2	43	4	13	9	1	42	95	2	2	2	1	2	2	1	0	2	8	2	1	6	4	0	5	8	10	5	58	26	8	10	21	10	8	9	27	58	1	10	11	10	5	2	1	56	4	21	15	42	10
7	13	3	49	12	12	16	12	3	59	12	9	9	12	54	9	0	4	0	2	3	0	2	3	0	0	0	1	1	0	2	12	53	12	11	3	42	3	14	10	0	43	94	3	3	3	2	3	3	2	1	1	9	3	0	5	3	1	6	9	11	6	57	25	9	11	20	11	9	10	26	57	2	11	12	11	4	3	0	55	3	20	16	43	11
9	15	5	51	14	14	14	14	5	57	14	11	11	14	52	11	2	6	2	0	5	2	4	5	2	2	2	3	3	2	0	14	51	14	13	5	40	1	16	12	2	45	92	5	5	5	4	5	5	4	3	1	11	5	2	3	1	3	8	11	13	8	55	23	11	13	18	13	11	12	24	55	4	13	14	13	2	5	2	53	1	18	18	45	13
5	1	9	37	0	0	28	0	9	71	0	3	3	0	66	3	12	8	12	14	9	12	10	9	12	12	12	11	11	12	14	0	65	0	1	9	54	15	2	2	12	31	106	9	9	9	10	9	9	10	11	13	3	9	12	17	15	11	6	3	1	6	69	37	3	1	32	1	3	2	38	69	10	1	0	1	16	9	12	67	15	32	4	31	1
60	66	56	102	65	65	37	65	56	6	65	62	62	65	1	62	53	57	53	51	56	53	55	56	53	53	53	54	54	53	51	65	0	65	64	56	11	50	67	63	53	96	41	56	56	56	55	56	56	55	54	52	62	56	53	48	50	54	59	62	64	59	4	28	62	64	33	64	62	63	27	4	55	64	65	64	49	56	53	2	50	33	69	96	64
5	1	9	37	0	0	28	0	9	71	0	3	3	0	66	3	12	8	12	14	9	12	10	9	12	12	12	11	11	12	14	0	65	0	1	9	54	15	2	2	12	31	106	9	9	9	10	9	9	10	11	13	3	9	12	17	15	11	6	3	1	6	69	37	3	1	32	1	3	2	38	69	10	1	0	1	16	9	12	67	15	32	4	31	1
4	2	8	38	1	1	27	1	8	70	1	2	2	1	65	2	11	7	11	13	8	11	9	8	11	11	11	10	10	11	13	1	64	1	0	8	53	14	3	1	11	32	105	8	8	8	9	8	8	9	10	12	2	8	11	16	14	10	5	2	0	5	68	36	2	0	31	0	2	1	37	68	9	0	1	0	15	8	11	66	14	31	5	32	0
4	10	0	46	9	9	19	9	0	62	9	6	6	9	57	6	3	1	3	5	0	3	1	0	3	3	3	2	2	3	5	9	56	9	8	0	45	6	11	7	3	40	97	0	0	0	1	0	0	1	2	4	6	0	3	8	6	2	3	6	8	3	60	28	6	8	23	8	6	7	29	60	1	8	9	8	7	0	3	58	6	23	13	40	8
49	55	45	91	54	54	26	54	45	17	54	51	51	54	12	51	42	46	42	40	45	42	44	45	42	42	42	43	43	42	40	54	11	54	53	45	0	39	56	52	42	85	52	45	45	45	44	45	45	44	43	41	51	45	42	37	39	43	48	51	53	48	15	17	51	53	22	53	51	52	16	15	44	53	54	53	38	45	42	13	39	22	58	85	53
10	16	6	52	15	15	13	15	6	56	15	12	12	15	51	12	3	7	3	1	6	3	5	6	3	3	3	4	4	3	1	15	50	15	14	6	39	0	17	13	3	46	91	6	6	6	5	6	6	5	4	2	12	6	3	2	0	4	9	12	14	9	54	22	12	14	17	14	12	13	23	54	5	14	15	14	1	6	3	52	0	17	19	46	14
7	1	11	35	2	2	30	2	11	73	2	5	5	2	68	5	14	10	14	16	11	14	12	11	14	14	14	13	13	14	16	2	67	2	3	11	56	17	0	4	14	29	108	11	11	11	12	11	11	12	13	15	5	11	14	19	17	13	8	5	3	8	71	39	5	3	34	3	5	4	40	71	12	3	2	3	18	11	14	69	17	34	2	29	3
3	3	7	39	2	2	26	2	7	69	2	1	1	2	64	1	10	6	10	12	7	10	8	7	10	10	10	9	9	10	12	2	63	2	1	7	52	13	4	0	10	33	104	7	7	7	8	7	7	8	9	11	1	7	10	15	13	9	4	1	1	4	67	35	1	1	30	1	1	0	36	67	8	1	2	1	14	7	10	65	13	30	6	33	1
7	13	3	49	12	12	16	12	3	59	12	9	9	12	54	9	0	4	0	2	3	0	2	3	0	0	0	1	1	0	2	12	53	12	11	3	42	3	14	10	0	43	94	3	3	3	2	3	3	2	1	1	9	3	0	5	3	1	6	9	11	6	57	25	9	11	20	11	9	10	26	57	2	11	12	11	4	3	0	55	3	20	16	43	11
36	30	40	6	31	31	59	31	40	102	31	34	34	31	97	34	43	39	43	45	40	43	41	40	43	43	43	42	42	43	45	31	96	31	32	40	85	46	29	33	43	0	137	40	40	40	41	40	40	41	42	44	34	40	43	48	46	42	37	34	32	37	100	68	34	32	63	32	34	33	69	100	41	32	31	32	47	40	43	98	46	63	27	0	32
101	107	97	143	106	106	78	106	97	35	106	103	103	106	40	103	94	98	94	92	97	94	96	97	94	94	94	95	95	94	92	106	41	106	105	97	52	91	108	104	94	137	0	97	97	97	96	97	97	96	95	93	103	97	94	89	91	95	100	103	105	100	37	69	103	105	74	105	103	104	68	37	96	105	106	105	90	97	94	39	91	74	110	137	105
4	10	0	46	9	9	19	9	0	62	9	6	6	9	57	6	3	1	3	5	0	3	1	0	3	3	3	2	2	3	5	9	56	9	8	0	45	6	11	7	3	40	97	0	0	0	1	0	0	1	2	4	6	0	3	8	6	2	3	6	8	3	60	28	6	8	23	8	6	7	29	60	1	8	9	8	7	0	3	58	6	23	13	40	8
4	10	0	46	9	9	19	9	0	62	9	6	6	9	57	6	3	1	3	5	0	3	1	0	3	3	3	2	2	3	5	9	56	9	8	0	45	6	11	7	3	40	97	0	0	0	1	0	0	1	2	4	6	0	3	8	6	2	3	6	8	3	60	28	6	8	23	8	6	7	29	60	1	8	9	8	7	0	3	58	6	23	13	40	8
4	10	0	46	9	9	19	9	0	62	9	6	6	9	57	6	3	1	3	5	0	3	1	0	3	3	3	2	2	3	5	9	56	9	8	0	45	6	11	7	3	40	97	0	0	0	1	0	0	1	2	4	6	0	3	8	6	2	3	6	8	3	60	28	6	8	23	8	6	7	29	60	1	8	9	8	7	0	3	58	6	23	13	40	8
5	11	1	47	10	10	18	10	1	61	10	7	7	10	56	7	2	2	2	4	1	2	0	1	2	2	2	1	1	2	4	10	55	10	9	1	44	5	12	8	2	41	96	1	1	1	0	1	1	0	1	3	7	1	2	7	5	1	4	7	9	4	59	27	7	9	22	9	7	8	28	59	0	9	10	9	6	1	2	57	5	22	14	41	9
4	10	0	46	9	9	19	9	0	62	9	6	6	9	57	6	3	1	3	5	0	3	1	0	3	3	3	2	2	3	5	9	56	9	8	0	45	6	11	7	3	40	97	0	0	0	1	0	0	1	2	4	6	0	3	8	6	2	3	6	8	3	60	28	6	8	23	8	6	7	29	60	1	8	9	8	7	0	3	58	6	23	13	40	8
4	10	0	46	9	9	19	9	0	62	9	6	6	9	57	6	3	1	3	5	0	3	1	0	3	3	3	2	2	3	5	9	56	9	8	0	45	6	11	7	3	40	97	0	0	0	1	0	0	1	2	4	6	0	3	8	6	2	3	6	8	3	60	28	6	8	23	8	6	7	29	60	1	8	9	8	7	0	3	58	6	23	13	40	8
5	11	1	47	10	10	18	10	1	61	10	7	7	10	56	7	2	2	2	4	1	2	0	1	2	2	2	1	1	2	4	10	55	10	9	1	44	5	12	8	2	41	96	1	1	1	0	1	1	0	1	3	7	1	2	7	5	1	4	7	9	4	59	27	7	9	22	9	7	8	28	59	0	9	10	9	6	1	2	57	5	22	14	41	9
6	12	2	48	11	11	17	11	2	60	11	8	8	11	55	8	1	3	1	3	2	1	1	2	1	1	1	0	0	1	3	11	54	11	10	2	43	4	13	9	1	42	95	2	2	2	1	2	2	1	0	2	8	2	1	6	4	0	5	8	10	5	58	26	8	10	21	10	8	9	27	58	1	10	11	10	5	2	1	56	4	21	15	42	10
8	14	4	50	13	13	15	13	4	58	13	10	10	13	53	10	1	5	1	1	4	1	3	4	1	1	1	2	2	1	1	13	52	13	12	4	41	2	15	11	1	44	93	4	4	4	3	4	4	3	2	0	10	4	1	4	2	2	7	10	12	7	56	24	10	12	19	12	10	11	25	56	3	12	13	12	3	4	1	54	2	19	17	44	12
2	4	6	40	3	3	25	3	6	68	3	0	0	3	63	0	9	5	9	11	6	9	7	6	9	9	9	8	8	9	11	3	62	3	2	6	51	12	5	1	9	34	103	6	6	6	7	6	6	7	8	10	0	6	9	14	12	8	3	0	2	3	66	34	0	2	29	2	0	1	35	66	7	2	3	2	13	6	9	64	12	29	7	34	2
4	10	0	46	9	9	19	9	0	62	9	6	6	9	57	6	3	1	3	5	0	3	1	0	3	3	3	2	2	3	5	9	56	9	8	0	45	6	11	7	3	40	97	0	0	0	1	0	0	1	2	4	6	0	3	8	6	2	3	6	8	3	60	28	6	8	23	8	6	7	29	60	1	8	9	8	7	0	3	58	6	23	13	40	8
7	13	3	49	12	12	16	12	3	59	12	9	9	12	54	9	0	4	0	2	3	0	2	3	0	0	0	1	1	0	2	12	53	12	11	3	42	3	14	10	0	43	94	3	3	3	2	3	3	2	1	1	9	3	0	5	3	1	6	9	11	6	57	25	9	11	20	11	9	10	26	57	2	11	12	11	4	3	0	55	3	20	16	43	11
12	18	8	54	17	17	11	17	8	54	17	14	14	17	49	14	5	9	5	3	8	5	7	8	5	5	5	6	6	5	3	17	48	17	16	8	37	2	19	15	5	48	89	8	8	8	7	8	8	7	6	4	14	8	5	0	2	6	11	14	16	11	52	20	14	16	15	16	14	15	21	52	7	16	17	16	1	8	5	50	2	15	21	48	16
10	16	6	52	15	15	13	15	6	56	15	12	12	15	51	12	3	7	3	1	6	3	5	6	3	3	3	4	4	3	1	15	50	15	14	6	39	0	17	13	3	46	91	6	6	6	5	6	6	5	4	2	12	6	3	2	0	4	9	12	14	9	54	22	12	14	17	14	12	13	23	54	5	14	15	14	1	6	3	52	0	17	19	46	14
6	12	2	48	11	11	17	11	2	60	11	8	8	11	55	8	1	3	1	3	2	1	1	2	1	1	1	0	0	1	3	11	54	11	10	2	43	4	13	9	1	42	95	2	2	2	1	2	2	1	0	2	8	2	1	6	4	0	5	8	10	5	58	26	8	10	21	10	8	9	27	58	1	10	11	10	5	2	1	56	4	21	15	42	10
1	7	3	43	6	6	22	6	3	65	6	3	3	6	60	3	6	2	6	8	3	6	4	3	6	6	6	5	5	6	8	6	59	6	5	3	48	9	8	4	6	37	100	3	3	3	4	3	3	4	5	7	3	3	6	11	9	5	0	3	5	0	63	31	3	5	26	5	3	4	32	63	4	5	6	5	10	3	6	61	9	26	10	37	5
2	4	6	40	3	3	25	3	6	68	3	0	0	3	63	0	9	5	9	11	6	9	7	6	9	9	9	8	8	9	11	3	62	3	2	6	51	12	5	1	9	34	103	6	6	6	7	6	6	7	8	10	0	6	9	14	12	8	3	0	2	3	66	34	0	2	29	2	0	1	35	66	7	2	3	2	13	6	9	64	12	29	7	34	2
4	2	8	38	1	1	27	1	8	70	1	2	2	1	65	2	11	7	11	13	8	11	9	8	11	11	11	10	10	11	13	1	64	1	0	8	53	14	3	1	11	32	105	8	8	8	9	8	8	9	10	12	2	8	11	16	14	10	5	2	0	5	68	36	2	0	31	0	2	1	37	68	9	0	1	0	15	8	11	66	14	31	5	32	0
1	7	3	43	6	6	22	6	3	65	6	3	3	6	60	3	6	2	6	8	3	6	4	3	6	6	6	5	5	6	8	6	59	6	5	3	48	9	8	4	6	37	100	3	3	3	4	3	3	4	5	7	3	3	6	11	9	5	0	3	5	0	63	31	3	5	26	5	3	4	32	63	4	5	6	5	10	3	6	61	9	26	10	37	5
64	70	60	106	69	69	41	69	60	2	69	66	66	69	3	66	57	61	57	55	60	57	59	60	57	57	57	58	58	57	55	69	4	69	68	60	15	54	71	67	57	100	37	60	60	60	59	60	60	59	58	56	66	60	57	52	54	58	63	66	68	63	0	32	66	68	37	68	66	67	31	0	59	68	69	68	53	60	57	2	54	37	73	100	68
32	38	28	74	37	37	9	37	28	34	37	34	34	37	29	34	25	29	25	23	28	25	27	28	25	25	25	26	26	25	23	37	28	37	36	28	17	22	39	35	25	68	69	28	28	28	27	28	28	27	26	24	34	28	25	20	22	26	31	34	36	31	32	0	34	36	5	36	34	35	1	32	27	36	37	36	21	28	25	30	22	5	41	68	36
2	4	6	40	3	3	25	3	6	68	3	0	0	3	63	0	9	5	9	11	6	9	7	6	9	9	9	8	8	9	11	3	62	3	2	6	51	12	5	1	9	34	103	6	6	6	7	6	6	7	8	10	0	6	9	14	12	8	3	0	2	3	66	34	0	2	29	2	0	1	35	66	7	2	3	2	13	6	9	64	12	29	7	34	2
4	2	8	38	1	1	27	1	8	70	1	2	2	1	65	2	11	7	11	13	8	11	9	8	11	11	11	10	10	11	13	1	64	1	0	8	53	14	3	1	11	32	105	8	8	8	9	8	8	9	10	12	2	8	11	16	14	10	5	2	0	5	68	36	2	0	31	0	2	1	37	68	9	0	1	0	15	8	11	66	14	31	5	32	0
27	33	23	69	32	32	4	32	23	39	32	29	29	32	34	29	20	24	20	18	23	20	22	23	20	20	20	21	21	20	18	32	33	32	31	23	22	17	34	30	20	63	74	23	23	23	22	23	23	22	21	19	29	23	20	15	17	21	26	29	31	26	37	5	29	31	0	31	29	30	6	37	22	31	32	31	16	23	20	35	17	0	36	63	31
4	2	8	38	1	1	27	1	8	70	1	2	2	1	65	2	11	7	11	13	8	11	9	8	11	11	11	10	10	11	13	1	64	1	0	8	53	14	3	1	11	32	105	8	8	8	9	8	8	9	10	12	2	8	11	16	14	10	5	2	0	5	68	36	2	0	31	0	2	1	37	68	9	0	1	0	15	8	11	66	14	31	5	32	0
2	4	6	40	3	3	25	3	6	68	3	0	0	3	63	0	9	5	9	11	6	9	7	6	9	9	9	8	8	9	11	3	62	3	2	6	51	12	5	1	9	34	103	6	6	6	7	6	6	7	8	10	0	6	9	14	12	8	3	0	2	3	66	34	0	2	29	2	0	1	35	66	7	2	3	2	13	6	9	64	12	29	7	34	2
3	3	7	39	2	2	26	2	7	69	2	1	1	2	64	1	10	6	10	12	7	10	8	7	10	10	10	9	9	10	12	2	63	2	1	7	52	13	4	0	10	33	104	7	7	7	8	7	7	8	9	11	1	7	10	15	13	9	4	1	1	4	67	35	1	1	30	1	1	0	36	67	8	1	2	1	14	7	10	65	13	30	6	33	1
33	39	29	75	38	38	10	38	29	33	38	35	35	38	28	35	26	30	26	24	29	26	28	29	26	26	26	27	27	26	24	38	27	38	37	29	16	23	40	36	26	69	68	29	29	29	28	29	29	28	27	25	35	29	26	21	23	27	32	35	37	32	31	1	35	37	6	37	35	36	0	31	28	37	38	37	22	29	26	29	23	6	42	69	37
64	70	60	106	69	69	41	69	60	2	69	66	66	69	3	66	57	61	57	55	60	57	59	60	57	57	57	58	58	57	55	69	4	69	68	60	15	54	71	67	57	100	37	60	60	60	59	60	60	59	58	56	66	60	57	52	54	58	63	66	68	63	0	32	66	68	37	68	66	67	31	0	59	68	69	68	53	60	57	2	54	37	73	100	68
5	11	1	47	10	10	18	10	1	61	10	7	7	10	56	7	2	2	2	4	1	2	0	1	2	2	2	1	1	2	4	10	55	10	9	1	44	5	12	8	2	41	96	1	1	1	0	1	1	0	1	3	7	1	2	7	5	1	4	7	9	4	59	27	7	9	22	9	7	8	28	59	0	9	10	9	6	1	2	57	5	22	14	41	9
4	2	8	38	1	1	27	1	8	70	1	2	2	1	65	2	11	7	11	13	8	11	9	8	11	11	11	10	10	11	13	1	64	1	0	8	53	14	3	1	11	32	105	8	8	8	9	8	8	9	10	12	2	8	11	16	14	10	5	2	0	5	68	36	2	0	31	0	2	1	37	68	9	0	1	0	15	8	11	66	14	31	5	32	0
5	1	9	37	0	0	28	0	9	71	0	3	3	0	66	3	12	8	12	14	9	12	10	9	12	12	12	11	11	12	14	0	65	0	1	9	54	15	2	2	12	31	106	9	9	9	10	9	9	10	11	13	3	9	12	17	15	11	6	3	1	6	69	37	3	1	32	1	3	2	38	69	10	1	0	1	16	9	12	67	15	32	4	31	1
4	2	8	38	1	1	27	1	8	70	1	2	2	1	65	2	11	7	11	13	8	11	9	8	11	11	11	10	10	11	13	1	64	1	0	8	53	14	3	1	11	32	105	8	8	8	9	8	8	9	10	12	2	8	11	16	14	10	5	2	0	5	68	36	2	0	31	0	2	1	37	68	9	0	1	0	15	8	11	66	14	31	5	32	0
11	17	7	53	16	16	12	16	7	55	16	13	13	16	50	13	4	8	4	2	7	4	6	7	4	4	4	5	5	4	2	16	49	16	15	7	38	1	18	14	4	47	90	7	7	7	6	7	7	6	5	3	13	7	4	1	1	5	10	13	15	10	53	21	13	15	16	15	13	14	22	53	6	15	16	15	0	7	4	51	1	16	20	47	15
4	10	0	46	9	9	19	9	0	62	9	6	6	9	57	6	3	1	3	5	0	3	1	0	3	3	3	2	2	3	5	9	56	9	8	0	45	6	11	7	3	40	97	0	0	0	1	0	0	1	2	4	6	0	3	8	6	2	3	6	8	3	60	28	6	8	23	8	6	7	29	60	1	8	9	8	7	0	3	58	6	23	13	40	8
7	13	3	49	12	12	16	12	3	59	12	9	9	12	54	9	0	4	0	2	3	0	2	3	0	0	0	1	1	0	2	12	53	12	11	3	42	3	14	10	0	43	94	3	3	3	2	3	3	2	1	1	9	3	0	5	3	1	6	9	11	6	57	25	9	11	20	11	9	10	26	57	2	11	12	11	4	3	0	55	3	20	16	43	11
62	68	58	104	67	67	39	67	58	4	67	64	64	67	1	64	55	59	55	53	58	55	57	58	55	55	55	56	56	55	53	67	2	67	66	58	13	52	69	65	55	98	39	58	58	58	57	58	58	57	56	54	64	58	55	50	52	56	61	64	66	61	2	30	64	66	35	66	64	65	29	2	57	66	67	66	51	58	55	0	52	35	71	98	66
10	16	6	52	15	15	13	15	6	56	15	12	12	15	51	12	3	7	3	1	6	3	5	6	3	3	3	4	4	3	1	15	50	15	14	6	39	0	17	13	3	46	91	6	6	6	5	6	6	5	4	2	12	6	3	2	0	4	9	12	14	9	54	22	12	14	17	14	12	13	23	54	5	14	15	14	1	6	3	52	0	17	19	46	14
27	33	23	69	32	32	4	32	23	39	32	29	29	32	34	29	20	24	20	18	23	20	22	23	20	20	20	21	21	20	18	32	33	32	31	23	22	17	34	30	20	63	74	23	23	23	22	23	23	22	21	19	29	23	20	15	17	21	26	29	31	26	37	5	29	31	0	31	29	30	6	37	22	31	32	31	16	23	20	35	17	0	36	63	31
9	3	13	33	4	4	32	4	13	75	4	7	7	4	70	7	16	12	16	18	13	16	14	13	16	16	16	15	15	16	18	4	69	4	5	13	58	19	2	6	16	27	110	13	13	13	14	13	13	14	15	17	7	13	16	21	19	15	10	7	5	10	73	41	7	5	36	5	7	6	42	73	14	5	4	5	20	13	16	71	19	36	0	27	5
36	30	40	6	31	31	59	31	40	102	31	34	34	31	97	34	43	39	43	45	40	43	41	40	43	43	43	42	42	43	45	31	96	31	32	40	85	46	29	33	43	0	137	40	40	40	41	40	40	41	42	44	34	40	43	48	46	42	37	34	32	37	100	68	34	32	63	32	34	33	69	100	41	32	31	32	47	40	43	98	46	63	27	0	32
4	2	8	38	1	1	27	1	8	70	1	2	2	1	65	2	11	7	11	13	8	11	9	8	11	11	11	10	10	11	13	1	64	1	0	8	53	14	3	1	11	32	105	8	8	8	9	8	8	9	10	12	2	8	11	16	14	10	5	2	0	5	68	36	2	0	31	0	2	1	37	68	9	0	1	0	15	8	11	66	14	31	5	32	0
