0	0	2	2	0	0	2	0	0	1	0	1	0	0	1	1	1	1	1	1	1	1	0	1	1	3	1	0	1	1	2	1	1	1	1	1	1	0	0	1	8	0	1	0	1	2	2	0	1	4	1	0	1	1	1	2	1	1	48	1	0	2	1	1	1	0	0	1	0	1	1	0	0	1	0	4	94	2	0	0	1	0	2	0	4
0	0	2	2	0	0	2	0	0	1	0	1	0	0	1	1	1	1	1	1	1	1	0	1	1	3	1	0	1	1	2	1	1	1	1	1	1	0	0	1	8	0	1	0	1	2	2	0	1	4	1	0	1	1	1	2	1	1	48	1	0	2	1	1	1	0	0	1	0	1	1	0	0	1	0	4	94	2	0	0	1	0	2	0	4
2	2	0	0	2	2	4	2	2	1	2	1	2	2	1	1	3	1	3	3	3	1	2	3	3	5	1	2	3	3	0	3	1	3	3	3	1	2	2	1	10	2	1	2	3	0	0	2	1	6	3	2	3	1	3	0	1	1	50	1	2	4	1	1	3	2	2	3	2	1	1	2	2	1	2	6	92	0	2	2	1	2	0	2	6
2	2	0	0	2	2	4	2	2	1	2	1	2	2	1	1	3	1	3	3	3	1	2	3	3	5	1	2	3	3	0	3	1	3	3	3	1	2	2	1	10	2	1	2	3	0	0	2	1	6	3	2	3	1	3	0	1	1	50	1	2	4	1	1	3	2	2	3	2	1	1	2	2	1	2	6	92	0	2	2	1	2	0	2	6
0	0	2	2	0	0	2	0	0	1	0	1	0	0	1	1	1	1	1	1	1	1	0	1	1	3	1	0	1	1	2	1	1	1	1	1	1	0	0	1	8	0	1	0	1	2	2	0	1	4	1	0	1	1	1	2	1	1	48	1	0	2	1	1	1	0	0	1	0	1	1	0	0	1	0	4	94	2	0	0	1	0	2	0	4
0	0	2	2	0	0	2	0	0	1	0	1	0	0	1	1	1	1	1	1	1	1	0	1	1	3	1	0	1	1	2	1	1	1	1	1	1	0	0	1	8	0	1	0	1	2	2	0	1	4	1	0	1	1	1	2	1	1	48	1	0	2	1	1	1	0	0	1	0	1	1	0	0	1	0	4	94	2	0	0	1	0	2	0	4
2	2	4	4	2	2	0	2	2	3	2	3	2	2	3	3	1	3	1	1	1	3	2	1	1	1	3	2	1	1	4	1	3	1	1	1	3	2	2	3	6	2	3	2	1	4	4	2	3	2	1	2	1	3	1	4	3	3	46	3	2	0	3	3	1	2	2	1	2	3	3	2	2	3	2	2	96	4	2	2	3	2	4	2	2
0	0	2	2	0	0	2	0	0	1	0	1	0	0	1	1	1	1	1	1	1	1	0	1	1	3	1	0	1	1	2	1	1	1	1	1	1	0	0	1	8	0	1	0	1	2	2	0	1	4	1	0	1	1	1	2	1	1	48	1	0	2	1	1	1	0	0	1	0	1	1	0	0	1	0	4	94	2	0	0	1	0	2	0	4
0	0	2	2	0	0	2	0	0	1	0	1	0	0	1	1	1	1	1	1	1	1	0	1	1	3	1	0	1	1	2	1	1	1	1	1	1	0	0	1	8	0	1	0	1	2	2	0	1	4	1	0	1	1	1	2	1	1	48	1	0	2	1	1	1	0	0	1	0	1	1	0	0	1	0	4	94	2	0	0	1	0	2	0	4
1	1	1	1	1	1	3	1	1	0	1	0	1	1	0	0	2	0	2	2	2	0	1	2	2	4	0	1	2	2	1	2	0	2	2	2	0	1	1	0	9	1	0	1	2	1	1	1	0	5	2	1	2	0	2	1	0	0	49	0	1	3	0	0	2	1	1	2	1	0	0	1	1	0	1	5	93	1	1	1	0	1	1	1	5
0	0	2	2	0	0	2	0	0	1	0	1	0	0	1	1	1	1	1	1	1	1	0	1	1	3	1	0	1	1	2	1	1	1	1	1	1	0	0	1	8	0	1	0	1	2	2	0	1	4	1	0	1	1	1	2	1	1	48	1	0	2	1	1	1	0	0	1	0	1	1	0	0	1	0	4	94	2	0	0	1	0	2	0	4
1	1	1	1	1	1	3	1	1	0	1	0	1	1	0	0	2	0	2	2	2	0	1	2	2	4	0	1	2	2	1	2	0	2	2	2	0	1	1	0	9	1	0	1	2	1	1	1	0	5	2	1	2	0	2	1	0	0	49	0	1	3	0	0	2	1	1	2	1	0	0	1	1	0	1	5	93	1	1	1	0	1	1	1	5
0	0	2	2	0	0	2	0	0	1	0	1	0	0	1	1	1	1	1	1	1	1	0	1	1	3	1	0	1	1	2	1	1	1	1	1	1	0	0	1	8	0	1	0	1	2	2	0	1	4	1	0	1	1	1	2	1	1	48	1	0	2	1	1	1	0	0	1	0	1	1	0	0	1	0	4	94	2	0	0	1	0	2	0	4
0	0	2	2	0	0	2	0	0	1	0	1	0	0	1	1	1	1	1	1	1	1	0	1	1	3	1	0	1	1	2	1	1	1	1	1	1	0	0	1	8	0	1	0	1	2	2	0	1	4	1	0	1	1	1	2	1	1	48	1	0	2	1	1	1	0	0	1	0	1	1	0	0	1	0	4	94	2	0	0	1	0	2	0	4
1	1	1	1	1	1	3	1	1	0	1	0	1	1	0	0	2	0	2	2	2	0	1	2	2	4	0	1	2	2	1	2	0	2	2	2	0	1	1	0	9	1	0	1	2	1	1	1	0	5	2	1	2	0	2	1	0	0	49	0	1	3	0	0	2	1	1	2	1	0	0	1	1	0	1	5	93	1	1	1	0	1	1	1	5
1	1	1	1	1	1	3	1	1	0	1	0	1	1	0	0	2	0	2	2	2	0	1	2	2	4	0	1	2	2	1	2	0	2	2	2	0	1	1	0	9	1	0	1	2	1	1	1	0	5	2	1	2	0	2	1	0	0	49	0	1	3	0	0	2	1	1	2	1	0	0	1	1	0	1	5	93	1	1	1	0	1	1	1	5
1	1	3	3	1	1	1	1	1	2	1	2	1	1	2	2	0	2	0	0	0	2	1	0	0	2	2	1	0	0	3	0	2	0	0	0	2	1	1	2	7	1	2	1	0	3	3	1	2	3	0	1	0	2	0	3	2	2	47	2	1	1	2	2	0	1	1	0	1	2	2	1	1	2	1	3	95	3	1	1	2	1	3	1	3
1	1	1	1	1	1	3	1	1	0	1	0	1	1	0	0	2	0	2	2	2	0	1	2	2	4	0	1	2	2	1	2	0	2	2	2	0	1	1	0	9	1	0	1	2	1	1	1	0	5	2	1	2	0	2	1	0	0	49	0	1	3	0	0	2	1	1	2	1	0	0	1	1	0	1	5	93	1	1	1	0	1	1	1	5
1	1	3	3	1	1	1	1	1	2	1	2	1	1	2	2	0	2	0	0	0	2	1	0	0	2	2	1	0	0	3	0	2	0	0	0	2	1	1	2	7	1	2	1	0	3	3	1	2	3	0	1	0	2	0	3	2	2	47	2	1	1	2	2	0	1	1	0	1	2	2	1	1	2	1	3	95	3	1	1	2	1	3	1	3
1	1	3	3	1	1	1	1	1	2	1	2	1	1	2	2	0	2	0	0	0	2	1	0	0	2	2	1	0	0	3	0	2	0	0	0	2	1	1	2	7	1	2	1	0	3	3	1	2	3	0	1	0	2	0	3	2	2	47	2	1	1	2	2	0	1	1	0	1	2	2	1	1	2	1	3	95	3	1	1	2	1	3	1	3
1	1	3	3	1	1	1	1	1	2	1	2	1	1	2	2	0	2	0	0	0	2	1	0	0	2	2	1	0	0	3	0	2	0	0	0	2	1	1	2	7	1	2	1	0	3	3	1	2	3	0	1	0	2	0	3	2	2	47	2	1	1	2	2	0	1	1	0	1	2	2	1	1	2	1	3	95	3	1	1	2	1	3	1	3
1	1	1	1	1	1	3	1	1	0	1	0	1	1	0	0	2	0	2	2	2	0	1	2	2	4	0	1	2	2	1	2	0	2	2	2	0	1	1	0	9	1	0	1	2	1	1	1	0	5	2	1	2	0	2	1	0	0	49	0	1	3	0	0	2	1	1	2	1	0	0	1	1	0	1	5	93	1	1	1	0	1	1	1	5
0	0	2	2	0	0	2	0	0	1	0	1	0	0	1	1	1	1	1	1	1	1	0	1	1	3	1	0	1	1	2	1	1	1	1	1	1	0	0	1	8	0	1	0	1	2	2	0	1	4	1	0	1	1	1	2	1	1	48	1	0	2	1	1	1	0	0	1	0	1	1	0	0	1	0	4	94	2	0	0	1	0	2	0	4
1	1	3	3	1	1	1	1	1	2	1	2	1	1	2	2	0	2	0	0	0	2	1	0	0	2	2	1	0	0	3	0	2	0	0	0	2	1	1	2	7	1	2	1	0	3	3	1	2	3	0	1	0	2	0	3	2	2	47	2	1	1	2	2	0	1	1	0	1	2	2	1	1	2	1	3	95	3	1	1	2	1	3	1	3
1	1	3	3	1	1	1	1	1	2	1	2	1	1	2	2	0	2	0	0	0	2	1	0	0	2	2	1	0	0	3	0	2	0	0	0	2	1	1	2	7	1	2	1	0	3	3	1	2	3	0	1	0	2	0	3	2	2	47	2	1	1	2	2	0	1	1	0	1	2	2	1	1	2	1	3	95	3	1	1	2	1	3	1	3
3	3	5	5	3	3	1	3	3	4	3	4	3	3	4	4	2	4	2	2	2	4	3	2	2	0	4	3	2	2	5	2	4	2	2	2	4	3	3	4	5	3	4	3	2	5	5	3	4	1	2	3	2	4	2	5	4	4	45	4	3	1	4	4	2	3	3	2	3	4	4	3	3	4	3	1	97	5	3	3	4	3	5	3	1
1	1	1	1	1	1	3	1	1	0	1	0	1	1	0	0	2	0	2	2	2	0	1	2	2	4	0	1	2	2	1	2	0	2	2	2	0	1	1	0	9	1	0	1	2	1	1	1	0	5	2	1	2	0	2	1	0	0	49	0	1	3	0	0	2	1	1	2	1	0	0	1	1	0	1	5	93	1	1	1	0	1	1	1	5
0	0	2	2	0	0	2	0	0	1	0	1	0	0	1	1	1	1	1	1	1	1	0	1	1	3	1	0	1	1	2	1	1	1	1	1	1	0	0	1	8	0	1	0	1	2	2	0	1	4	1	0	1	1	1	2	1	1	48	1	0	2	1	1	1	0	0	1	0	1	1	0	0	1	0	4	94	2	0	0	1	0	2	0	4
1	1	3	3	1	1	1	1	1	2	1	2	1	1	2	2	0	2	0	0	0	2	1	0	0	2	2	1	0	0	3	0	2	0	0	0	2	1	1	2	7	1	2	1	0	3	3	1	2	3	0	1	0	2	0	3	2	2	47	2	1	1	2	2	0	1	1	0	1	2	2	1	1	2	1	3	95	3	1	1	2	1	3	1	3
1	1	3	3	1	1	1	1	1	2	1	2	1	1	2	2	0	2	0	0	0	2	1	0	0	2	2	1	0	0	3	0	2	0	0	0	2	1	1	2	7	1	2	1	0	3	3	1	2	3	0	1	0	2	0	3	2	2	47	2	1	1	2	2	0	1	1	0	1	2	2	1	1	2	1	3	95	3	1	1	2	1	3	1	3
2	2	0	0	2	2	4	2	2	1	2	1	2	2	1	1	3	1	3	3	3	1	2	3	3	5	1	2	3	3	0	3	1	3	3	3	1	2	2	1	10	2	1	2	3	0	0	2	1	6	3	2	3	1	3	0	1	1	50	1	2	4	1	1	3	2	2	3	2	1	1	2	2	1	2	6	92	0	2	2	1	2	0	2	6
1	1	3	3	1	1	1	1	1	2	1	2	1	1	2	2	0	2	0	0	0	2	1	0	0	2	2	1	0	0	3	0	2	0	0	0	2	1	1	2	7	1	2	1	0	3	3	1	2	3	0	1	0	2	0	3	2	2	47	2	1	1	2	2	0	1	1	0	1	2	2	1	1	2	1	3	95	3	1	1	2	1	3	1	3
1	1	1	1	1	1	3	1	1	0	1	0	1	1	0	0	2	0	2	2	2	0	1	2	2	4	0	1	2	2	1	2	0	2	2	2	0	1	1	0	9	1	0	1	2	1	1	1	0	5	2	1	2	0	2	1	0	0	49	0	1	3	0	0	2	1	1	2	1	0	0	1	1	0	1	5	93	1	1	1	0	1	1	1	5
1	1	3	3	1	1	1	1	1	2	1	2	1	1	2	2	0	2	0	0	0	2	1	0	0	2	2	1	0	0	3	0	2	0	0	0	2	1	1	2	7	1	2	1	0	3	3	1	2	3	0	1	0	2	0	3	2	2	47	2	1	1	2	2	0	1	1	0	1	2	2	1	1	2	1	3	95	3	1	1	2	1	3	1	3
1	1	3	3	1	1	1	1	1	2	1	2	1	1	2	2	0	2	0	0	0	2	1	0	0	2	2	1	0	0	3	0	2	0	0	0	2	1	1	2	7	1	2	1	0	3	3	1	2	3	0	1	0	2	0	3	2	2	47	2	1	1	2	2	0	1	1	0	1	2	2	1	1	2	1	3	95	3	1	1	2	1	3	1	3
1	1	3	3	1	1	1	1	1	2	1	2	1	1	2	2	0	2	0	0	0	2	1	0	0	2	2	1	0	0	3	0	2	0	0	0	2	1	1	2	7	1	2	1	0	3	3	1	2	3	0	1	0	2	0	3	2	2	47	2	1	1	2	2	0	1	1	0	1	2	2	1	1	2	1	3	95	3	1	1	2	1	3	1	3
1	1	1	1	1	1	3	1	1	0	1	0	1	1	0	0	2	0	2	2	2	0	1	2	2	4	0	1	2	2	1	2	0	2	2	2	0	1	1	0	9	1	0	1	2	1	1	1	0	5	2	1	2	0	2	1	0	0	49	0	1	3	0	0	2	1	1	2	1	0	0	1	1	0	1	5	93	1	1	1	0	1	1	1	5
0	0	2	2	0	0	2	0	0	1	0	1	0	0	1	1	1	1	1	1	1	1	0	1	1	3	1	0	1	1	2	1	1	1	1	1	1	0	0	1	8	0	1	0	1	2	2	0	1	4	1	0	1	1	1	2	1	1	48	1	0	2	1	1	1	0	0	1	0	1	1	0	0	1	0	4	94	2	0	0	1	0	2	0	4
0	0	2	2	0	0	2	0	0	1	0	1	0	0	1	1	1	1	1	1	1	1	0	1	1	3	1	0	1	1	2	1	1	1	1	1	1	0	0	1	8	0	1	0	1	2	2	0	1	4	1	0	1	1	1	2	1	1	48	1	0	2	1	1	1	0	0	1	0	1	1	0	0	1	0	4	94	2	0	0	1	0	2	0	4
1	1	1	1	1	1	3	1	1	0	1	0	1	1	0	0	2	0	2	2	2	0	1	2	2	4	0	1	2	2	1	2	0	2	2	2	0	1	1	0	9	1	0	1	2	1	1	1	0	5	2	1	2	0	2	1	0	0	49	0	1	3	0	0	2	1	1	2	1	0	0	1	1	0	1	5	93	1	1	1	0	1	1	1	5
8	8	10	10	8	8	6	8	8	9	8	9	8	8	9	9	7	9	7	7	7	9	8	7	7	5	9	8	7	7	10	7	9	7	7	7	9	8	8	9	0	8	9	8	7	10	10	8	9	4	7	8	7	9	7	10	9	9	40	9	8	6	9	9	7	8	8	7	8	9	9	8	8	9	8	4	102	10	8	8	9	8	10	8	4
0	0	2	2	0	0	2	0	0	1	0	1	0	0	1	1	1	1	1	1	1	1	0	1	1	3	1	0	1	1	2	1	1	1	1	1	1	0	0	1	8	0	1	0	1	2	2	0	1	4	1	0	1	1	1	2	1	1	48	1	0	2	1	1	1	0	0	1	0	1	1	0	0	1	0	4	94	2	0	0	1	0	2	0	4
1	1	1	1	1	1	3	1	1	0	1	0	1	1	0	0	2	0	2	2	2	0	1	2	2	4	0	1	2	2	1	2	0	2	2	2	0	1	1	0	9	1	0	1	2	1	1	1	0	5	2	1	2	0	2	1	0	0	49	0	1	3	0	0	2	1	1	2	1	0	0	1	1	0	1	5	93	1	1	1	0	1	1	1	5
0	0	2	2	0	0	2	0	0	1	0	1	0	0	1	1	1	1	1	1	1	1	0	1	1	3	1	0	1	1	2	1	1	1	1	1	1	0	0	1	8	0	1	0	1	2	2	0	1	4	1	0	1	1	1	2	1	1	48	1	0	2	1	1	1	0	0	1	0	1	1	0	0	1	0	4	94	2	0	0	1	0	2	0	4
1	1	3	3	1	1	1	1	1	2	1	2	1	1	2	2	0	2	0	0	0	2	1	0	0	2	2	1	0	0	3	0	2	0	0	0	2	1	1	2	7	1	2	1	0	3	3	1	2	3	0	1	0	2	0	3	2	2	47	2	1	1	2	2	0	1	1	0	1	2	2	1	1	2	1	3	95	3	1	1	2	1	3	1	3
2	2	0	0	2	2	4	2	2	1	2	1	2	2	1	1	3	1	3	3	3	1	2	3	3	5	1	2	3	3	0	3	1	3	3	3	1	2	2	1	10	2	1	2	3	0	0	2	1	6	3	2	3	1	3	0	1	1	50	1	2	4	1	1	3	2	2	3	2	1	1	2	2	1	2	6	92	0	2	2	1	2	0	2	6
2	2	0	0	2	2	4	2	2	1	2	1	2	2	1	1	3	1	3	3	3	1	2	3	3	5	1	2	3	3	0	3	1	3	3	3	1	2	2	1	10	2	1	2	3	0	0	2	1	6	3	2	3	1	3	0	1	1	50	1	2	4	1	1	3	2	2	3	2	1	1	2	2	1	2	6	92	0	2	2	1	2	0	2	6
0	0	2	2	0	0	2	0	0	1	0	1	0	0	1	1	1	1	1	1	1	1	0	1	1	3	1	0	1	1	2	1	1	1	1	1	1	0	0	1	8	0	1	0	1	2	2	0	1	4	1	0	1	1	1	2	1	1	48	1	0	2	1	1	1	0	0	1	0	1	1	0	0	1	0	4	94	2	0	0	1	0	2	0	4
1	1	1	1	1	1	3	1	1	0	1	0	1	1	0	0	2	0	2	2	2	0	1	2	2	4	0	1	2	2	1	2	0	2	2	2	0	1	1	0	9	1	0	1	2	1	1	1	0	5	2	1	2	0	2	1	0	0	49	0	1	3	0	0	2	1	1	2	1	0	0	1	1	0	1	5	93	1	1	1	0	1	1	1	5
4	4	6	6	4	4	2	4	4	5	4	5	4	4	5	5	3	5	3	3	3	5	4	3	3	1	5	4	3	3	6	3	5	3	3	3	5	4	4	5	4	4	5	4	3	6	6	4	5	0	3	4	3	5	3	6	5	5	44	5	4	2	5	5	3	4	4	3	4	5	5	4	4	5	4	0	98	6	4	4	5	4	6	4	0
1	1	3	3	1	1	1	1	1	2	1	2	1	1	2	2	0	2	0	0	0	2	1	0	0	2	2	1	0	0	3	0	2	0	0	0	2	1	1	2	7	1	2	1	0	3	3	1	2	3	0	1	0	2	0	3	2	2	47	2	1	1	2	2	0	1	1	0	1	2	2	1	1	2	1	3	95	3	1	1	2	1	3	1	3
0	0	2	2	0	0	2	0	0	1	0	1	0	0	1	1	1	1	1	1	1	1	0	1	1	3	1	0	1	1	2	1	1	1	1	1	1	0	0	1	8	0	1	0	1	2	2	0	1	4	1	0	1	1	1	2	1	1	48	1	0	2	1	1	1	0	0	1	0	1	1	0	0	1	0	4	94	2	0	0	1	0	2	0	4
1	1	3	3	1	1	1	1	1	2	1	2	1	1	2	2	0	2	0	0	0	2	1	0	0	2	2	1	0	0	3	0	2	0	0	0	2	1	1	2	7	1	2	1	0	3	3	1	2	3	0	1	0	2	0	3	2	2	47	2	1	1	2	2	0	1	1	0	1	2	2	1	1	2	1	3	95	3	1	1	2	1	3	1	3
1	1	1	1	1	1	3	1	1	0	1	0	1	1	0	0	2	0	2	2	2	0	1	2	2	4	0	1	2	2	1	2	0	2	2	2	0	1	1	0	9	1	0	1	2	1	1	1	0	5	2	1	2	0	2	1	0	0	49	0	1	3	0	0	2	1	1	2	1	0	0	1	1	0	1	5	93	1	1	1	0	1	1	1	5
1	1	3	3	1	1	1	1	1	2	1	2	1	1	2	2	0	2	0	0	0	2	1	0	0	2	2	1	0	0	3	0	2	0	0	0	2	1	1	2	7	1	2	1	0	3	3	1	2	3	0	1	0	2	0	3	2	2	47	2	1	1	2	2	0	1	1	0	1	2	2	1	1	2	1	3	95	3	1	1	2	1	3	1	3
2	2	0	0	2	2	4	2	2	1	2	1	2	2	1	1	3	1	3	3	3	1	2	3	3	5	1	2	3	3	0	3	1	3	3	3	1	2	2	1	10	2	1	2	3	0	0	2	1	6	3	2	3	1	3	0	1	1	50	1	2	4	1	1	3	2	2	3	2	1	1	2	2	1	2	6	92	0	2	2	1	2	0	2	6
1	1	1	1	1	1	3	1	1	0	1	0	1	1	0	0	2	0	2	2	2	0	1	2	2	4	0	1	2	2	1	2	0	2	2	2	0	1	1	0	9	1	0	1	2	1	1	1	0	5	2	1	2	0	2	1	0	0	49	0	1	3	0	0	2	1	1	2	1	0	0	1	1	0	1	5	93	1	1	1	0	1	1	1	5
1	1	1	1	1	1	3	1	1	0	1	0	1	1	0	0	2	0	2	2	2	0	1	2	2	4	0	1	2	2	1	2	0	2	2	2	0	1	1	0	9	1	0	1	2	1	1	1	0	5	2	1	2	0	2	1	0	0	49	0	1	3	0	0	2	1	1	2	1	0	0	1	1	0	1	5	93	1	1	1	0	1	1	1	5
48	48	50	50	48	48	46	48	48	49	48	49	48	48	49	49	47	49	47	47	47	49	48	47	47	45	49	48	47	47	50	47	49	47	47	47	49	48	48	49	40	48	49	48	47	50	50	48	49	44	47	48	47	49	47	50	49	49	0	49	48	46	49	49	47	48	48	47	48	49	49	48	48	49	48	44	142	50	48	48	49	48	50	48	44
1	1	1	1	1	1	3	1	1	0	1	0	1	1	0	0	2	0	2	2	2	0	1	2	2	4	0	1	2	2	1	2	0	2	2	2	0	1	1	0	9	1	0	1	2	1	1	1	0	5	2	1	2	0	2	1	0	0	49	0	1	3	0	0	2	1	1	2	1	0	0	1	1	0	1	5	93	1	1	1	0	1	1	1	5
0	0	2	2	0	0	2	0	0	1	0	1	0	0	1	1	1	1	1	1	1	1	0	1	1	3	1	0	1	1	2	1	1	1	1	1	1	0	0	1	8	0	1	0	1	2	2	0	1	4	1	0	1	1	1	2	1	1	48	1	0	2	1	1	1	0	0	1	0	1	1	0	0	1	0	4	94	2	0	0	1	0	2	0	4
2	2	4	4	2	2	0	2	2	3	2	3	2	2	3	3	1	3	1	1	1	3	2	1	1	1	3	2	1	1	4	1	3	1	1	1	3	2	2	3	6	2	3	2	1	4	4	2	3	2	1	2	1	3	1	4	3	3	46	3	2	0	3	3	1	2	2	1	2	3	3	2	2	3	2	2	96	4	2	2	3	2	4	2	2
1	1	1	1	1	1	3	1	1	0	1	0	1	1	0	0	2	0	2	2	2	0	1	2	2	4	0	1	2	2	1	2	0	2	2	2	0	1	1	0	9	1	0	1	2	1	1	1	0	5	2	1	2	0	2	1	0	0	49	0	1	3	0	0	2	1	1	2	1	0	0	1	1	0	1	5	93	1	1	1	0	1	1	1	5
1	1	1	1	1	1	3	1	1	0	1	0	1	1	0	0	2	0	2	2	2	0	1	2	2	4	0	1	2	2	1	2	0	2	2	2	0	1	1	0	9	1	0	1	2	1	1	1	0	5	2	1	2	0	2	1	0	0	49	0	1	3	0	0	2	1	1	2	1	0	0	1	1	0	1	5	93	1	1	1	0	1	1	1	5
1	1	3	3	1	1	1	1	1	2	1	2	1	1	2	2	0	2	0	0	0	2	1	0	0	2	2	1	0	0	3	0	2	0	0	0	2	1	1	2	7	1	2	1	0	3	3	1	2	3	0	1	0	2	0	3	2	2	47	2	1	1	2	2	0	1	1	0	1	2	2	1	1	2	1	3	95	3	1	1	2	1	3	1	3
0	0	2	2	0	0	2	0	0	1	0	1	0	0	1	1	1	1	1	1	1	1	0	1	1	3	1	0	1	1	2	1	1	1	1	1	1	0	0	1	8	0	1	0	1	2	2	0	1	4	1	0	1	1	1	2	1	1	48	1	0	2	1	1	1	0	0	1	0	1	1	0	0	1	0	4	94	2	0	0	1	0	2	0	4
0	0	2	2	0	0	2	0	0	1	0	1	0	0	1	1	1	1	1	1	1	1	0	1	1	3	1	0	1	1	2	1	1	1	1	1	1	0	0	1	8	0	1	0	1	2	2	0	1	4	1	0	1	1	1	2	1	1	48	1	0	2	1	1	1	0	0	1	0	1	1	0	0	1	0	4	94	2	0	0	1	0	2	0	4
1	1	3	3	1	1	1	1	1	2	1	2	1	1	2	2	0	2	0	0	0	2	1	0	0	2	2	1	0	0	3	0	2	0	0	0	2	1	1	2	7	1	2	1	0	3	3	1	2	3	0	1	0	2	0	3	2	2	47	2	1	1	2	2	0	1	1	0	1	2	2	1	1	2	1	3	95	3	1	1	2	1	3	1	3
0	0	2	2	0	0	2	0	0	1	0	1	0	0	1	1	1	1	1	1	1	1	0	1	1	3	1	0	1	1	2	1	1	1	1	1	1	0	0	1	8	0	1	0	1	2	2	0	1	4	1	0	1	1	1	2	1	1	48	1	0	2	1	1	1	0	0	1	0	1	1	0	0	1	0	4	94	2	0	0	1	0	2	0	4
1	1	1	1	1	1	3	1	1	0	1	0	1	1	0	0	2	0	2	2	2	0	1	2	2	4	0	1	2	2	1	2	0	2	2	2	0	1	1	0	9	1	0	1	2	1	1	1	0	5	2	1	2	0	2	1	0	0	49	0	1	3	0	0	2	1	1	2	1	0	0	1	1	0	1	5	93	1	1	1	0	1	1	1	5
1	1	1	1	1	1	3	1	1	0	1	0	1	1	0	0	2	0	2	2	2	0	1	2	2	4	0	1	2	2	1	2	0	2	2	2	0	1	1	0	9	1	0	1	2	1	1	1	0	5	2	1	2	0	2	1	0	0	49	0	1	3	0	0	2	1	1	2	1	0	0	1	1	0	1	5	93	1	1	1	0	1	1	1	5
0	0	2	2	0	0	2	0	0	1	0	1	0	0	1	1	1	1	1	1	1	1	0	1	1	3	1	0	1	1	2	1	1	1	1	1	1	0	0	1	8	0	1	0	1	2	2	0	1	4	1	0	1	1	1	2	1	1	48	1	0	2	1	1	1	0	0	1	0	1	1	0	0	1	0	4	94	2	0	0	1	0	2	0	4
0	0	2	2	0	0	2	0	0	1	0	1	0	0	1	1	1	1	1	1	1	1	0	1	1	3	1	0	1	1	2	1	1	1	1	1	1	0	0	1	8	0	1	0	1	2	2	0	1	4	1	0	1	1	1	2	1	1	48	1	0	2	1	1	1	0	0	1	0	1	1	0	0	1	0	4	94	2	0	0	1	0	2	0	4
1	1	1	1	1	1	3	1	1	0	1	0	1	1	0	0	2	0	2	2	2	0	1	2	2	4	0	1	2	2	1	2	0	2	2	2	0	1	1	0	9	1	0	1	2	1	1	1	0	5	2	1	2	0	2	1	0	0	49	0	1	3	0	0	2	1	1	2	1	0	0	1	1	0	1	5	93	1	1	1	0	1	1	1	5
0	0	2	2	0	0	2	0	0	1	0	1	0	0	1	1	1	1	1	1	1	1	0	1	1	3	1	0	1	1	2	1	1	1	1	1	1	0	0	1	8	0	1	0	1	2	2	0	1	4	1	0	1	1	1	2	1	1	48	1	0	2	1	1	1	0	0	1	0	1	1	0	0	1	0	4	94	2	0	0	1	0	2	0	4
4	4	6	6	4	4	2	4	4	5	4	5	4	4	5	5	3	5	3	3	3	5	4	3	3	1	5	4	3	3	6	3	5	3	3	3	5	4	4	5	4	4	5	4	3	6	6	4	5	0	3	4	3	5	3	6	5	5	44	5	4	2	5	5	3	4	4	3	4	5	5	4	4	5	4	0	98	6	4	4	5	4	6	4	0
94	94	92	92	94	94	96	94	94	93	94	93	94	94	93	93	95	93	95	95	95	93	94	95	95	97	93	94	95	95	92	95	93	95	95	95	93	94	94	93	102	94	93	94	95	92	92	94	93	98	95	94	95	93	95	92	93	93	142	93	94	96	93	93	95	94	94	95	94	93	93	94	94	93	94	98	0	92	94	94	93	94	92	94	98
2	2	0	0	2	2	4	2	2	1	2	1	2	2	1	1	3	1	3	3	3	1	2	3	3	5	1	2	3	3	0	3	1	3	3	3	1	2	2	1	10	2	1	2	3	0	0	2	1	6	3	2	3	1	3	0	1	1	50	1	2	4	1	1	3	2	2	3	2	1	1	2	2	1	2	6	92	0	2	2	1	2	0	2	6
0	0	2	2	0	0	2	0	0	1	0	1	0	0	1	1	1	1	1	1	1	1	0	1	1	3	1	0	1	1	2	1	1	1	1	1	1	0	0	1	8	0	1	0	1	2	2	0	1	4	1	0	1	1	1	2	1	1	48	1	0	2	1	1	1	0	0	1	0	1	1	0	0	1	0	4	94	2	0	0	1	0	2	0	4
0	0	2	2	0	0	2	0	0	1	0	1	0	0	1	1	1	1	1	1	1	1	0	1	1	3	1	0	1	1	2	1	1	1	1	1	1	0	0	1	8	0	1	0	1	2	2	0	1	4	1	0	1	1	1	2	1	1	48	1	0	2	1	1	1	0	0	1	0	1	1	0	0	1	0	4	94	2	0	0	1	0	2	0	4
1	1	1	1	1	1	3	1	1	0	1	0	1	1	0	0	2	0	2	2	2	0	1	2	2	4	0	1	2	2	1	2	0	2	2	2	0	1	1	0	9	1	0	1	2	1	1	1	0	5	2	1	2	0	2	1	0	0	49	0	1	3	0	0	2	1	1	2	1	0	0	1	1	0	1	5	93	1	1	1	0	1	1	1	5
0	0	2	2	0	0	2	0	0	1	0	1	0	0	1	1	1	1	1	1	1	1	0	1	1	3	1	0	1	1	2	1	1	1	1	1	1	0	0	1	8	0	1	0	1	2	2	0	1	4	1	0	1	1	1	2	1	1	48	1	0	2	1	1	1	0	0	1	0	1	1	0	0	1	0	4	94	2	0	0	1	0	2	0	4
2	2	0	0	2	2	4	2	2	1	2	1	2	2	1	1	3	1	3	3	3	1	2	3	3	5	1	2	3	3	0	3	1	3	3	3	1	2	2	1	10	2	1	2	3	0	0	2	1	6	3	2	3	1	3	0	1	1	50	1	2	4	1	1	3	2	2	3	2	1	1	2	2	1	2	6	92	0	2	2	1	2	0	2	6
0	0	2	2	0	0	2	0	0	1	0	1	0	0	1	1	1	1	1	1	1	1	0	1	1	3	1	0	1	1	2	1	1	1	1	1	1	0	0	1	8	0	1	0	1	2	2	0	1	4	1	0	1	1	1	2	1	1	48	1	0	2	1	1	1	0	0	1	0	1	1	0	0	1	0	4	94	2	0	0	1	0	2	0	4
4	4	6	6	4	4	2	4	4	5	4	5	4	4	5	5	3	5	3	3	3	5	4	3	3	1	5	4	3	3	6	3	5	3	3	3	5	4	4	5	4	4	5	4	3	6	6	4	5	0	3	4	3	5	3	6	5	5	44	5	4	2	5	5	3	4	4	3	4	5	5	4	4	5	4	0	98	6	4	4	5	4	6	4	0
